gene,species
A2ML1,gamo
ABCC9,gamo
AGO4,gamo
ANKZF1,gamo
ARFGEF2,gamo
ARID3A,gamo
ATAD2,gamo
CACNA1D,gamo
CACNG2,gamo
CASC4,gamo
Cdh23,gamo
CHD7,gamo
Cnrip1,gamo
CTSB,gamo
DNAJC11,gamo
ERLIN2,gamo
FBXO28,gamo
Fhl1,gamo
FMNL2,gamo
Fras1,gamo
FSIP2,gamo
GAL3ST2,gamo
GALNT5,gamo
GGCT,gamo
GLB1,gamo
HDHD2,gamo
hnf4b,gamo
HTR6,gamo
INTS14,gamo
KCNAB2,gamo
kctd15,gamo
KIAA1614,gamo
KIFC3,gamo
LLGL1,gamo
Mocs1,gamo
MYH4,gamo
MYH7,gamo
MYOCD,gamo
NECTIN1,gamo
Nfrkb,gamo
Nploc4,gamo
NUDC,gamo
NUMA1,gamo
ONECUT2,gamo
ORC4,gamo
PLPPR1,gamo
PQLC2,gamo
PREX1,gamo
RUFY3,gamo
SCN4B,gamo
SEMA3A,gamo
SFTPB,gamo
Slc41a3,gamo
SMARCA4,gamo
SON,gamo
SPG11,gamo
SRPK1,gamo
Taf4b,gamo
TSSK6,gamo
UHRF1,gamo
VWA5B2,gamo
WDR7,gamo
WNT4,gamo
LNX2,finch
LOC115492592,finch
DPY19L4,finch
MBOAT2,finch
RYR2,finch
GRK4,finch
ZDHHC5,finch
TSHR,finch
SLC16A9,finch
EAF2,finch
MC1R,finch
PGPEP1,finch
LOC115491116,finch
LOC115494852,finch
DHX16,finch
LOC100228312 ,gamo_ge
PAXBP1 ,gamo_ge
WDR66 ,gamo_ge
ATXN2 ,gamo_ge
LRRTM3 ,gamo_ge
MSL3 ,gamo_ge
REEP5 ,gamo_ge
STAM ,gamo_ge
CUL1 ,gamo_ge
DTL ,gamo_ge
LOC100190161 ,gamo_ge
LOC100190400 ,gamo_ge
MTM1 ,gamo_ge
RSF1 ,gamo_ge
UTP15 ,gamo_ge
CHRNB3 ,gamo_ge
DOK4 ,gamo_ge
EPB41L4A ,gamo_ge
NR1H3,gamo_ge
TCHP ,gamo_ge
CHPF ,gamo_ge
RAX ,gamo_ge
TCTE1 ,gamo_ge
ARL14EP ,gamo_ge
LOC100221794 ,gamo_ge
MAN2B2 ,gamo_ge
SLITRK2 ,gamo_ge
DCT ,gamo_ge
EEF1A1 ,gamo_ge
GSG1 ,gamo_ge
LOC100232656 ,gamo_ge
LRRN1 ,gamo_ge
GPR116 ,gamo_ge
JAK2 ,gamo_ge
LOC100223762 ,gamo_ge
NAT10 ,gamo_ge
MPHOSPH9 ,gamo_ge
PCMT1 ,gamo_ge
CCDC135 ,gamo_ge
COG6 ,gamo_ge
LOC100190699 ,gamo_ge
LOC100221420 ,gamo_ge
LOC100221679 ,gamo_ge
LOC100222183 ,gamo_ge
LOC100229340 ,gamo_ge
TRA2A ,gamo_ge
Dchs1,gamo_cpg
TPP1,gamo_cpg
OR52B2,gamo_cpg
HBB,gamo_cpg
IZUMO1R,gamo_cpg
NUP98,gamo_cpg
STIM1,gamo_cpg
DNAJC28,gamo_cpg
ITSN1,gamo_cpg
SON,gamo_cpg
HLCS,gamo_cpg
TTC3,gamo_cpg
BRWD1,gamo_cpg
PCP4,gamo_cpg
DSCAM,gamo_cpg
MX,gamo_cpg
Tmprss2,gamo_cpg
Prdm15,gamo_cpg
UMODL1,gamo_cpg
Tmprss3,gamo_cpg
Ubash3a,gamo_cpg
SLC37A1,gamo_cpg
Pde9a,gamo_cpg
WDR4,gamo_cpg
PKNOX1,gamo_cpg
HSF2BP,gamo_cpg
TRAPPC10,gamo_cpg
CXorf36,gamo_cpg
KDM6A,gamo_cpg
CASK,gamo_cpg
Ddx3x,gamo_cpg
BCOR,gamo_cpg
SRPX,gamo_cpg
Sytl5,gamo_cpg
XK,gamo_cpg
Tab3,gamo_cpg
PRPF38A,gamo_cpg
CXorf21,gamo_cpg
Pcyt1b,gamo_cpg
Pdk3,gamo_cpg
ZFX,gamo_cpg
EIF2S3,gamo_cpg
SAT1,gamo_cpg
ACOT9,gamo_cpg
KLHL34,gamo_cpg
MAP7D2,gamo_cpg
BCLAF3,gamo_cpg
MAP3K15,gamo_cpg
PPEF1,gamo_cpg
Cdkl5,gamo_cpg
Rai2,gamo_cpg
NHS,gamo_cpg
Grpr,gamo_cpg
Ap1s2,gamo_cpg
ASB11,gamo_cpg
ASB9,gamo_cpg
FRMPD4,gamo_cpg
MID1,gamo_cpg
WWC3,gamo_cpg
cars2,gamo_cpg
Ing1,gamo_cpg
TUBGCP3,gamo_cpg
F10,gamo_cpg
GRTP1,gamo_cpg
Tmco3,gamo_cpg
LIMS4,gamo_cpg
MRPS9,gamo_cpg
SLC9A2,gamo_cpg
Slc9a4,gamo_cpg
Il1r1,gamo_cpg
Tnik,gamo_cpg
Map4k4,gamo_cpg
NPAS2,gamo_cpg
HIST2H2AB,gamo_cpg
TSGA10,gamo_cpg
MGAT4A,gamo_cpg
coa5,gamo_cpg
TMEM131,gamo_cpg
HERC2,gamo_cpg
RGN,gamo_cpg
Clybl,gamo_cpg
Slc15a1,gamo_cpg
ABCC4,gamo_cpg
DCT,gamo_cpg
SLITRK1,gamo_cpg
FBXL3,gamo_cpg
TBC1D4,gamo_cpg
KLF5,gamo_cpg
BORA,gamo_cpg
PCDH8,gamo_cpg
ELF1,gamo_cpg
WBP4,gamo_cpg
TPT1,gamo_cpg
SLC25A30,gamo_cpg
ESD,gamo_cpg
RB1,gamo_cpg
Cysltr2,gamo_cpg
MLNR,gamo_cpg
RCBTB1,gamo_cpg
TRIM13,gamo_cpg
kcnrg,gamo_cpg
fam124a,gamo_cpg
WDFY2,gamo_cpg
FGL1,gamo_cpg
TPTE2,gamo_cpg
SMAD9,gamo_cpg
Ccna1,gamo_cpg
STARD13,gamo_cpg
KL,gamo_cpg
BRCA2,gamo_cpg
FRY,gamo_cpg
HSPH1,gamo_cpg
USPL1,gamo_cpg
HMGB1,gamo_cpg
KATNAL1,gamo_cpg
MTUS2,gamo_cpg
FLT1,gamo_cpg
FLT3,gamo_cpg
LNX2,gamo_cpg
Rasl11a,gamo_cpg
GPR12,gamo_cpg
ATP8A2,gamo_cpg
Nup58,gamo_cpg
SPATA13,gamo_cpg
TNFRSF19,gamo_cpg
MICU2,gamo_cpg
Zdhhc20,gamo_cpg
CRYL1,gamo_cpg
MPHOSPH8,gamo_cpg
RNF17,gamo_cpg
ARHGAP20,gamo_cpg
RDX,gamo_cpg
CWF19L2,gamo_cpg
VMO1,gamo_cpg
DYNC2H1,gamo_cpg
YAP1,gamo_cpg
TRPC6,gamo_cpg
ARHGAP42,gamo_cpg
Ccdc82,gamo_cpg
MRE11,gamo_cpg
PANX1,gamo_cpg
TM4SF1,gamo_cpg
ANKRD7,gamo_cpg
CHORDC1,gamo_cpg
CTSC,gamo_cpg
Me3,gamo_cpg
Rab30,gamo_cpg
Picalm,gamo_cpg
HIKESHI,gamo_cpg
GAB2,gamo_cpg
Aqp11,gamo_cpg
Pak1,gamo_cpg
GDPD5,gamo_cpg
Myo7a,gamo_cpg
Capn5,gamo_cpg
TSKU,gamo_cpg
A2M,gamo_cpg
M6PR,gamo_cpg
A2ML1,gamo_cpg
Trypsin,gamo_cpg
EPHB5,gamo_cpg
Fam131b,gamo_cpg
EPHA1,gamo_cpg
Dysf,gamo_cpg
CYP26B1,gamo_cpg
Lrrc58,gamo_cpg
HGD,gamo_cpg
CTC1,gamo_cpg
SIDT1,gamo_cpg
WDR3,gamo_cpg
WARS2,gamo_cpg
MRPL51,gamo_cpg
NCAPD2,gamo_cpg
IFFO1,gamo_cpg
Chd4,gamo_cpg
WNT4,gamo_cpg
GPR162,gamo_cpg
Atn1,gamo_cpg
Clstn3,gamo_cpg
Vangl1,gamo_cpg
Boc,gamo_cpg
spire1,gamo_cpg
GTPBP8,gamo_cpg
NME7,gamo_cpg
ATP1B1,gamo_cpg
DPT,gamo_cpg
Dcbld2,gamo_cpg
TFG,gamo_cpg
ABI3BP,gamo_cpg
SENP7,gamo_cpg
ZBTB11,gamo_cpg
NXPE3,gamo_cpg
CBLB,gamo_cpg
BBX,gamo_cpg
CD47,gamo_cpg
Myh6,gamo_cpg
RCJMB04_1n3,gamo_cpg
PHLDB2,gamo_cpg
TAGLN3,gamo_cpg
TMPRSS7,gamo_cpg
USP16,gamo_cpg
PAXBP1,gamo_cpg
Putative,gamo_cpg
NUMA1,gamo_cpg
Inppl1,gamo_cpg
Arap1,gamo_cpg
EMSY,gamo_cpg
THAP12,gamo_cpg
GH,gamo_cpg
Atp5pf,gamo_cpg
EURL,gamo_cpg
NRIP1,gamo_cpg
Robo2,gamo_cpg
BCL9,gamo_cpg
Cd80,gamo_cpg
IGSF3,gamo_cpg
CD101,gamo_cpg
ZNF286A,gamo_cpg
DUSP27,gamo_cpg
DCAF6,gamo_cpg
Crybg3,gamo_cpg
ARL13B,gamo_cpg
EPHA3,gamo_cpg
N6amt1,gamo_cpg
Rps3,gamo_cpg
Arhgef17,gamo_cpg
PAAF1,gamo_cpg
HUNK,gamo_cpg
SCAF4,gamo_cpg
SOD1,gamo_cpg
COL4A3BP,gamo_cpg
FCRL3,gamo_cpg
SHF,gamo_cpg
ALPK3,gamo_cpg
MALT1,gamo_cpg
Znf592,gamo_cpg
DUOXA1,gamo_cpg
DUOX2,gamo_cpg
SORD,gamo_cpg
ZNF609,gamo_cpg
CSNK1G1,gamo_cpg
SNX1,gamo_cpg
Rps17,gamo_cpg
CPEB1,gamo_cpg
AP3B2,gamo_cpg
NR2E3,gamo_cpg
Myo9a,gamo_cpg
PKM,gamo_cpg
PARP6,gamo_cpg
celf4,gamo_cpg
ARIH1,gamo_cpg
BBS4,gamo_cpg
Neogenin,gamo_cpg
HCN4,gamo_cpg
Nptn,gamo_cpg
ULK3,gamo_cpg
SCAMP2,gamo_cpg
Fam219b,gamo_cpg
Muc1,gamo_cpg
Commd4,gamo_cpg
MAN2C1,gamo_cpg
Ptpn9,gamo_cpg
SNUPN,gamo_cpg
CSPG4,gamo_cpg
HMG20A,gamo_cpg
PSTPIP1,gamo_cpg
SCAPER,gamo_cpg
ETFA,gamo_cpg
CHRNA3,gamo_cpg
Dnaja4,gamo_cpg
ACSBG1,gamo_cpg
CIB2,gamo_cpg
DAPK2,gamo_cpg
HERC1,gamo_cpg
USP3,gamo_cpg
TPM1,gamo_cpg
TLN2,gamo_cpg
VPS13C,gamo_cpg
Bo17,gamo_cpg
Trpm1,gamo_cpg
MTMR10,gamo_cpg
MCEE,gamo_cpg
THSD4,gamo_cpg
MYO1E,gamo_cpg
CCNB2,gamo_cpg
MINDY2,gamo_cpg
ADAM10,gamo_cpg
ALDH1A2,gamo_cpg
CGNL1,gamo_cpg
TCF12,gamo_cpg
FAM214A,gamo_cpg
ARPP19,gamo_cpg
MYO5A,gamo_cpg
TMOD3,gamo_cpg
LYSMD2,gamo_cpg
DMXL2,gamo_cpg
IQCH,gamo_cpg
Aagab,gamo_cpg
SMAD6,gamo_cpg
LCTL,gamo_cpg
RPL4,gamo_cpg
TIPIN,gamo_cpg
INTS14,gamo_cpg
HACD3,gamo_cpg
IGDCC4,gamo_cpg
IGDCC3,gamo_cpg
Pdcd7,gamo_cpg
ANKDD1A,gamo_cpg
PCSK6,gamo_cpg
SNRPA1,gamo_cpg
CHSY1,gamo_cpg
LRRK1,gamo_cpg
Aldh1a3,gamo_cpg
ASB7,gamo_cpg
LRRC28,gamo_cpg
SYNM,gamo_cpg
NR2F2,gamo_cpg
RGMA,gamo_cpg
Sv2b,gamo_cpg
Akap13,gamo_cpg
NTRK3,gamo_cpg
Mfge8,gamo_cpg
FANCI,gamo_cpg
polg,gamo_cpg
Kif7,gamo_cpg
PLIN1,gamo_cpg
ABHD17C,gamo_cpg
Cemip2,gamo_cpg
CEMIP,gamo_cpg
ADAMTSL3,gamo_cpg
HOMER2,gamo_cpg
WHAMM,gamo_cpg
Slc30a4,gamo_cpg
Cops2,gamo_cpg
SECISBP2L,gamo_cpg
SHC4,gamo_cpg
CEP152,gamo_cpg
FBN1,gamo_cpg
KIF23,gamo_cpg
UACA,gamo_cpg
ADAMTS7,gamo_cpg
SPG11,gamo_cpg
CASC4,gamo_cpg
FRMD5,gamo_cpg
BLM,gamo_cpg
RASGRF1,gamo_cpg
ANPEP,gamo_cpg
AP3S2,gamo_cpg
Sema4b,gamo_cpg
PRC1,gamo_cpg
Unc45a,gamo_cpg
Man2a2,gamo_cpg
FURIN,gamo_cpg
MFAP1,gamo_cpg
PDIA3,gamo_cpg
CKMT1,gamo_cpg
PPIP5K1,gamo_cpg
MAP1A,gamo_cpg
TP53BP1,gamo_cpg
AP1G1,gamo_cpg
ATXN1L,gamo_cpg
ZNF821,gamo_cpg
Dhodh,gamo_cpg
PMFBP1,gamo_cpg
ZFHX3,gamo_cpg
WWP2,gamo_cpg
NFAT5,gamo_cpg
TMED6,gamo_cpg
COG8,gamo_cpg
Vps4a,gamo_cpg
UTP4,gamo_cpg
HAS3,gamo_cpg
K-CAM,gamo_cpg
Cdh1,gamo_cpg
GAS8,gamo_cpg
DBNDD1,gamo_cpg
MC1R,gamo_cpg
Tcf25,gamo_cpg
Spire2,gamo_cpg
FANCA,gamo_cpg
Vps9d1,gamo_cpg
Znf276,gamo_cpg
SULT2B1,gamo_cpg
Cpne7,gamo_cpg
Spg7,gamo_cpg
ANKRD11,gamo_cpg
Cdh15,gamo_cpg
ACSF3,gamo_cpg
CBFA2T3,gamo_cpg
GALNS,gamo_cpg
cdt1,gamo_cpg
Piezo1,gamo_cpg
ZC3H18,gamo_cpg
SLC7A5,gamo_cpg
Klhdc4,gamo_cpg
Zcchc14,gamo_cpg
KIAA0513,gamo_cpg
GSE1,gamo_cpg
IRF8,gamo_cpg
hnf4b,gamo_cpg
USP10,gamo_cpg
KLHL36,gamo_cpg
COTL1,gamo_cpg
ATP2C2,gamo_cpg
MLYCD,gamo_cpg
PLCG2,gamo_cpg
CMIP,gamo_cpg
Gan,gamo_cpg
BCO1,gamo_cpg
GCSH,gamo_cpg
MMP15,gamo_cpg
CNGB1,gamo_cpg
KIFC3,gamo_cpg
Adgrg3,gamo_cpg
Ccdc102a,gamo_cpg
COQ9,gamo_cpg
CPNE2,gamo_cpg
exoc3l1,gamo_cpg
ELMO3,gamo_cpg
LCAT,gamo_cpg
SPCC663.06c,gamo_cpg
Ripor1,gamo_cpg
CARMIL2,gamo_cpg
csgA,gamo_cpg
AARS,gamo_cpg
Exosc6,gamo_cpg
Clec18a,gamo_cpg
FBLN7,gamo_cpg
ARHGEF40,gamo_cpg
Slc9a5,gamo_cpg
Fhod1,gamo_cpg
Hsd11b2,gamo_cpg
Atp6v0d1,gamo_cpg
AGRP,gamo_cpg
SNRK,gamo_cpg
CNOT1,gamo_cpg
CMTR2,gamo_cpg
VAC14,gamo_cpg
SPCC663.09c,gamo_cpg
SF3B3,gamo_cpg
COG4,gamo_cpg
ST3GAL2,gamo_cpg
PDPR,gamo_cpg
GLG1,gamo_cpg
MLKL,gamo_cpg
FA2H,gamo_cpg
WDR59,gamo_cpg
CTRB1,gamo_cpg
SLC12A3,gamo_cpg
Nup93,gamo_cpg
gna0,gamo_cpg
UPF0183,gamo_cpg
HSF4,gamo_cpg
HSDL1,gamo_cpg
NECAB2,gamo_cpg
OSGIN1,gamo_cpg
Ripk2,gamo_cpg
Smpd3,gamo_cpg
NFATC3,gamo_cpg
Ddx28,gamo_cpg
SLC12A4,gamo_cpg
SLC6A2,gamo_cpg
Lpcat2,gamo_cpg
Irx6,gamo_cpg
TOX3,gamo_cpg
CYLD,gamo_cpg
LONP2,gamo_cpg
PHKB,gamo_cpg
ITFG1,gamo_cpg
Neto2,gamo_cpg
CDCA9,gamo_cpg
SHCBP1,gamo_cpg
CCNE1,gamo_cpg
DPY19L3,gamo_cpg
CadN,gamo_cpg
ANKRD27,gamo_cpg
NUDT19,gamo_cpg
Dync1li2,gamo_cpg
SPATA2,gamo_cpg
BEAN1,gamo_cpg
NAE1,gamo_cpg
Pdp2,gamo_cpg
CIAO2B,gamo_cpg
Fatty,gamo_cpg
wtip,gamo_cpg
KIAA0355,gamo_cpg
kctd15,gamo_cpg
Chst8,gamo_cpg
RHPN2,gamo_cpg
ADAMTS18,gamo_cpg
HYDIN,gamo_cpg
FGD3,gamo_cpg
CARD19,gamo_cpg
Wnk2,gamo_cpg
FAM120A,gamo_cpg
BARX1B,gamo_cpg
Fbln2,gamo_cpg
IQSEC1,gamo_cpg
Gp9,gamo_cpg
Isy1,gamo_cpg
mkrn2,gamo_cpg
PPARG,gamo_cpg
TIMP4,gamo_cpg
tamm41,gamo_cpg
ATG7,gamo_cpg
Slc6a11,gamo_cpg
IARS,gamo_cpg
EFCC1,gamo_cpg
SEMA3F,gamo_cpg
SELENOK,gamo_cpg
CACNA1D,gamo_cpg
FANCD2,gamo_cpg
Usp4,gamo_cpg
TEX264,gamo_cpg
Oasl2,gamo_cpg
Sema3b,gamo_cpg
GNAI2,gamo_cpg
Abhd14b,gamo_cpg
ACY1,gamo_cpg
BAP1,gamo_cpg
HAUS3,gamo_cpg
DNAH1,gamo_cpg
GLYCTK,gamo_cpg
TWF2,gamo_cpg
NISCH,gamo_cpg
STAB1,gamo_cpg
Nt5dc2,gamo_cpg
PBRM1,gamo_cpg
PFKFB4,gamo_cpg
Rassf1,gamo_cpg
zmynd10,gamo_cpg
CACNA2D2,gamo_cpg
Uncharacterized,gamo_cpg
Hemk1,gamo_cpg
MAPKAPK3,gamo_cpg
DOCK3,gamo_cpg
DCAF1,gamo_cpg
SEMA3D,gamo_cpg
RBM6,gamo_cpg
MON1A,gamo_cpg
Camkv,gamo_cpg
TRAIP,gamo_cpg
BSN,gamo_cpg
Apeh,gamo_cpg
MST1,gamo_cpg
NICN1,gamo_cpg
UBA1,gamo_cpg
fam212ab,gamo_cpg
CDHR4,gamo_cpg
RNF123,gamo_cpg
WNT5A,gamo_cpg
CCDC66,gamo_cpg
FAM208A,gamo_cpg
Arhgef3,gamo_cpg
DNAH7,gamo_cpg
Slmap,gamo_cpg
FLNB,gamo_cpg
Nckipsd,gamo_cpg
Celsr3,gamo_cpg
COPG1,gamo_cpg
RPN1,gamo_cpg
KBTBD12,gamo_cpg
Abtb1,gamo_cpg
mcm2,gamo_cpg
TPRA1,gamo_cpg
PLXNA1,gamo_cpg
Slc41a3,gamo_cpg
Klf15,gamo_cpg
CFAP100,gamo_cpg
Zxdc,gamo_cpg
Ntn4,gamo_cpg
XPC,gamo_cpg
SLC6A6,gamo_cpg
grip2,gamo_cpg
CCDC51,gamo_cpg
SETD5,gamo_cpg
LHFPL4,gamo_cpg
MTMR14,gamo_cpg
CPNE9,gamo_cpg
Brpf1,gamo_cpg
Camk1,gamo_cpg
Ttll3,gamo_cpg
Creld1,gamo_cpg
PRRT3,gamo_cpg
Lamb2,gamo_cpg
Qars,gamo_cpg
IMPDH2,gamo_cpg
DALRD3,gamo_cpg
P4htm,gamo_cpg
PRKAR2A,gamo_cpg
ACOX2,gamo_cpg
Fam3d,gamo_cpg
PTPRG,gamo_cpg
CADPS,gamo_cpg
Synpr,gamo_cpg
SNTN,gamo_cpg
ATXN7,gamo_cpg
PRICKLE2,gamo_cpg
ADAMTS9,gamo_cpg
Lrig1,gamo_cpg
KBTBD8,gamo_cpg
SUCLG2,gamo_cpg
FRMD4B,gamo_cpg
Mitf,gamo_cpg
cetA,gamo_cpg
fabG,gamo_cpg
FOXP1,gamo_cpg
Pdzrn3,gamo_cpg
CHL1,gamo_cpg
TRNT1,gamo_cpg
SUMF1,gamo_cpg
ITPR1,gamo_cpg
BHLHE40,gamo_cpg
Lmcd1,gamo_cpg
RAD18,gamo_cpg
SRGAP3,gamo_cpg
IRAK2,gamo_cpg
CAND1,gamo_cpg
Mbd4,gamo_cpg
ift122,gamo_cpg
PLXND1,gamo_cpg
Tmcc1,gamo_cpg
FGD5,gamo_cpg
KCTD16,gamo_cpg
ARHGAP26,gamo_cpg
FGF1,gamo_cpg
HSPA4,gamo_cpg
ADRA1B,gamo_cpg
SLC26A2,gamo_cpg
TRIM25,gamo_cpg
Arhgef37,gamo_cpg
PCYOX1L,gamo_cpg
GRPEL2,gamo_cpg
AFAP1L1,gamo_cpg
SH3TC2,gamo_cpg
STK10,gamo_cpg
ABLIM3,gamo_cpg
NEURL1B,gamo_cpg
CREBRF,gamo_cpg
NKX-2.5,gamo_cpg
STC2,gamo_cpg
CPEB4,gamo_cpg
SFXN1,gamo_cpg
KIF20A,gamo_cpg
Brd8,gamo_cpg
N4BP3,gamo_cpg
SLC34A1,gamo_cpg
GRK6,gamo_cpg
DDX41,gamo_cpg
FAM193B,gamo_cpg
NSD1,gamo_cpg
UIMC1,gamo_cpg
HK2,gamo_cpg
FAF2,gamo_cpg
OIH,gamo_cpg
CLINT1,gamo_cpg
Lsm11,gamo_cpg
Cyfip2,gamo_cpg
Havcr1,gamo_cpg
Gemin5,gamo_cpg
Larp1,gamo_cpg
GALNT10,gamo_cpg
MFAP3,gamo_cpg
G3BP1,gamo_cpg
FAT2,gamo_cpg
SLC36A1,gamo_cpg
Gm2a,gamo_cpg
ANXA6,gamo_cpg
TNIP1,gamo_cpg
RBM22,gamo_cpg
Synpo,gamo_cpg
NDST1,gamo_cpg
ARSI,gamo_cpg
CAMK2B,gamo_cpg
SLC6A7,gamo_cpg
CHOX-CAD1,gamo_cpg
Pdgfrb,gamo_cpg
CSF1R,gamo_cpg
HMGXB3,gamo_cpg
TRIM35,gamo_cpg
FLT4,gamo_cpg
Rnf130,gamo_cpg
TBC1D9B,gamo_cpg
SQSTM1,gamo_cpg
ADAMTS2,gamo_cpg
COL23A1,gamo_cpg
MYOT,gamo_cpg
SPOCK1,gamo_cpg
TRPC7,gamo_cpg
TGFBI,gamo_cpg
SLC25A48,gamo_cpg
SEC24A,gamo_cpg
Sar1b,gamo_cpg
Jade2,gamo_cpg
P4HA2,gamo_cpg
SLC22A4,gamo_cpg
GABRA1,gamo_cpg
Nudcd2,gamo_cpg
HMMR,gamo_cpg
DLC1,gamo_cpg
DOCK2,gamo_cpg
LCP2,gamo_cpg
TLR2,gamo_cpg
ube2d2,gamo_cpg
Psd2,gamo_cpg
SLC4A4,gamo_cpg
ANKHD1,gamo_cpg
APBB3,gamo_cpg
Zmat2,gamo_cpg
PCDH10,gamo_cpg
PCDHGC5,gamo_cpg
HDAC3,gamo_cpg
RELL2,gamo_cpg
Arap3,gamo_cpg
Stard10,gamo_cpg
DELE1,gamo_cpg
PCDH12,gamo_cpg
CTNNA1,gamo_cpg
HSPA9,gamo_cpg
NPM1,gamo_cpg
Kazald1,gamo_cpg
Kcnip1,gamo_cpg
ZNF692,gamo_cpg
Zinc,gamo_cpg
L-amino-acid,gamo_cpg
GLYR1,gamo_cpg
CRAMP1,gamo_cpg
tbc1d24,gamo_cpg
NTN3,gamo_cpg
ANKFN1,gamo_cpg
TEDC2,gamo_cpg
CCNF,gamo_cpg
VRK3,gamo_cpg
ABCA3,gamo_cpg
PIGQ,gamo_cpg
Capn15,gamo_cpg
NAGPA,gamo_cpg
sec14l1,gamo_cpg
STXBP4,gamo_cpg
PPL,gamo_cpg
UBN1,gamo_cpg
Nme3,gamo_cpg
Spsb3,gamo_cpg
Igfals,gamo_cpg
ccdc78,gamo_cpg
Wdr24,gamo_cpg
wdr90,gamo_cpg
CFAP70,gamo_cpg
MSS51,gamo_cpg
pitpnc1,gamo_cpg
12-Sep,gamo_cpg
RAB11FIP3,gamo_cpg
Xpo6,gamo_cpg
ndk,gamo_cpg
Anks3,gamo_cpg
Cluap1,gamo_cpg
NLRC3,gamo_cpg
CORO7,gamo_cpg
VASN,gamo_cpg
SRL,gamo_cpg
ADCY9,gamo_cpg
CREBBP,gamo_cpg
Trap1,gamo_cpg
SLX4,gamo_cpg
Hmox2,gamo_cpg
Mgrn1,gamo_cpg
C7orf26,gamo_cpg
DNASE1,gamo_cpg
Eci1,gamo_cpg
PTX4,gamo_cpg
Clcn7,gamo_cpg
Fam234a,gamo_cpg
RGS11,gamo_cpg
ARHGDIG,gamo_cpg
AXIN1,gamo_cpg
Tmem8a,gamo_cpg
NPRL3,gamo_cpg
Mpg,gamo_cpg
Rhbdf1,gamo_cpg
GTF3C1,gamo_cpg
KIAA0556,gamo_cpg
IL20RB,gamo_cpg
RBFOX1,gamo_cpg
CARHSP1,gamo_cpg
USP7,gamo_cpg
rpusd1,gamo_cpg
chtf18,gamo_cpg
Cacna1h,gamo_cpg
B9D1,gamo_cpg
Epn2,gamo_cpg
Grap,gamo_cpg
Fam83g,gamo_cpg
CMLKR1,gamo_cpg
SHMT1,gamo_cpg
TOP3A,gamo_cpg
MIEF2,gamo_cpg
FLII,gamo_cpg
LLGL1,gamo_cpg
Alkbh5,gamo_cpg
Myo15a,gamo_cpg
DRG2,gamo_cpg
DRC3,gamo_cpg
Tom1l2,gamo_cpg
SREBF1,gamo_cpg
RAI1,gamo_cpg
NT5M,gamo_cpg
PLD6,gamo_cpg
MPRIP,gamo_cpg
TNFRSF13B,gamo_cpg
USP22,gamo_cpg
NATD1,gamo_cpg
Map2k3,gamo_cpg
ARPC1A,gamo_cpg
SMURF1,gamo_cpg
RNF216,gamo_cpg
FBXL18,gamo_cpg
TNRC18,gamo_cpg
slc29a4,gamo_cpg
WIPI2,gamo_cpg
Mmd2,gamo_cpg
RADIL,gamo_cpg
CYP3A12,gamo_cpg
SDK1,gamo_cpg
AMZ1,gamo_cpg
Brat1,gamo_cpg
LFNG,gamo_cpg
Ints1,gamo_cpg
Dnaaf5,gamo_cpg
Pdgfa,gamo_cpg
TRRAP,gamo_cpg
TMEM130,gamo_cpg
Baiap2l1,gamo_cpg
Parvalbumin%2C,gamo_cpg
EIF2AK1,gamo_cpg
EEF2K,gamo_cpg
DNAH3,gamo_cpg
TMC5,gamo_cpg
Itpripl2,gamo_cpg
SMG1,gamo_cpg
ABCC1,gamo_cpg
pdxdc1,gamo_cpg
NTAN1,gamo_cpg
Gspt1,gamo_cpg
SHISA9,gamo_cpg
MRTFB,gamo_cpg
ZC3H7A,gamo_cpg
CLEC16A,gamo_cpg
TVP23A,gamo_cpg
Grin2a,gamo_cpg
TEX2,gamo_cpg
Tbl3,gamo_cpg
SYNGR3,gamo_cpg
Znf598,gamo_cpg
NTHL1,gamo_cpg
Tsc2,gamo_cpg
PKD1,gamo_cpg
TRAF7,gamo_cpg
CASKIN1,gamo_cpg
Hexdc,gamo_cpg
mlst8,gamo_cpg
PGP,gamo_cpg
SLC5A11,gamo_cpg
ARHGAP17,gamo_cpg
Prkcb,gamo_cpg
TNRC6A,gamo_cpg
Impg2,gamo_cpg
PALB2,gamo_cpg
ERN1,gamo_cpg
Gga2,gamo_cpg
Cog7,gamo_cpg
SCNN1B,gamo_cpg
USP31,gamo_cpg
GNPTG,gamo_cpg
MMP17,gamo_cpg
ADGRD1,gamo_cpg
PIWIL1,gamo_cpg
FZD10,gamo_cpg
SLC15A4,gamo_cpg
TMEM132C,gamo_cpg
AACS,gamo_cpg
NCOR2,gamo_cpg
RFLNA,gamo_cpg
CCDC92,gamo_cpg
SBNO1,gamo_cpg
Cdk2ap1,gamo_cpg
PITPNM2,gamo_cpg
OGFOD2,gamo_cpg
ABCB9,gamo_cpg
VPS37B,gamo_cpg
HIP1R,gamo_cpg
DENR,gamo_cpg
ANAPC7,gamo_cpg
ATP2A2,gamo_cpg
Ift81,gamo_cpg
Tmem120b,gamo_cpg
WDR66,gamo_cpg
Mlxip,gamo_cpg
B3GNT4,gamo_cpg
CLIP1,gamo_cpg
RAD9B,gamo_cpg
PPTC7,gamo_cpg
TCTN1,gamo_cpg
ppp1cc-b,gamo_cpg
SH2B3,gamo_cpg
Atxn2,gamo_cpg
BRAP,gamo_cpg
ALDH2,gamo_cpg
NAA25,gamo_cpg
TRAFD1,gamo_cpg
HECTD4,gamo_cpg
RPH3A,gamo_cpg
WSCD2,gamo_cpg
CORO1C,gamo_cpg
SSH1,gamo_cpg
DAO,gamo_cpg
Ung,gamo_cpg
ACACB,gamo_cpg
foxn4,gamo_cpg
MYO1H,gamo_cpg
KCTD10,gamo_cpg
ube3b,gamo_cpg
TRPV4,gamo_cpg
GIT2,gamo_cpg
ANKRD13A,gamo_cpg
SGSM1,gamo_cpg
CRYBB2,gamo_cpg
GRK3,gamo_cpg
MYO18B,gamo_cpg
SEZ6L,gamo_cpg
HPS4,gamo_cpg
TFIP11,gamo_cpg
TTC28,gamo_cpg
HSCB,gamo_cpg
CCDC117,gamo_cpg
SLC2A11,gamo_cpg
ZNRF3,gamo_cpg
ULK1,gamo_cpg
EP400,gamo_cpg
FBRSL1,gamo_cpg
AUTS2,gamo_cpg
ZDHHC8,gamo_cpg
TRMT2A,gamo_cpg
Dgcr8,gamo_cpg
TANGO2,gamo_cpg
tbx1-b,gamo_cpg
Gp1bb,gamo_cpg
CDC45,gamo_cpg
PPIL2,gamo_cpg
MAPK1,gamo_cpg
Cltc,gamo_cpg
SLC25A1,gamo_cpg
THADA,gamo_cpg
Gsc2,gamo_cpg
Ca15,gamo_cpg
MED13L,gamo_cpg
RBM19,gamo_cpg
PLBD2,gamo_cpg
TPCN1,gamo_cpg
RITA1,gamo_cpg
DDX54,gamo_cpg
TAOK3,gamo_cpg
SUDS3,gamo_cpg
SRRM4,gamo_cpg
TMEM233,gamo_cpg
PRKAB1,gamo_cpg
CIT,gamo_cpg
bicdl1,gamo_cpg
GCN1,gamo_cpg
MSI1,gamo_cpg
Sppl3,gamo_cpg
RNF185,gamo_cpg
EIF4ENIF1,gamo_cpg
ANHX,gamo_cpg
SLC5A1,gamo_cpg
BCR,gamo_cpg
ADORA2A,gamo_cpg
UPB1,gamo_cpg
Lrrc75b,gamo_cpg
LRRC75A,gamo_cpg
DDX51,gamo_cpg
MIF,gamo_cpg
mmp11,gamo_cpg
Rnft2,gamo_cpg
RCJMB04_18o22,gamo_cpg
Fbxw8,gamo_cpg
FBXO21,gamo_cpg
NOS1,gamo_cpg
WSB2,gamo_cpg
AP1B1,gamo_cpg
THOC5,gamo_cpg
Nipsnap1,gamo_cpg
Cabp7,gamo_cpg
ASCC2,gamo_cpg
MTMR3,gamo_cpg
LIF,gamo_cpg
TBC1D10A,gamo_cpg
SF3A1,gamo_cpg
CCDC157,gamo_cpg
Scarf2,gamo_cpg
DGCR6,gamo_cpg
PLA2G3,gamo_cpg
Inpp5j,gamo_cpg
SMTN,gamo_cpg
MORC2,gamo_cpg
ZNF271,gamo_cpg
Man1b1,gamo_cpg
ABCA2,gamo_cpg
Lipocalin,gamo_cpg
C8g,gamo_cpg
FBXW5,gamo_cpg
TRAF2,gamo_cpg
RABL6,gamo_cpg
AMBP,gamo_cpg
EXD3,gamo_cpg
ENTPD8,gamo_cpg
ndor1,gamo_cpg
Rnf224,gamo_cpg
Lrrc26,gamo_cpg
ZNF618,gamo_cpg
RGS3,gamo_cpg
WDR31,gamo_cpg
FKBP15,gamo_cpg
Lrsam1,gamo_cpg
Zmynd19,gamo_cpg
Pnpla7,gamo_cpg
NSMF,gamo_cpg
Anapc2,gamo_cpg
DDR2,gamo_cpg
ENTPD2,gamo_cpg
NELFB,gamo_cpg
glul,gamo_cpg
EHMT1,gamo_cpg
Cacna1b,gamo_cpg
Col1a2,gamo_cpg
FAM129B,gamo_cpg
STXBP1,gamo_cpg
AKNA,gamo_cpg
Whrn,gamo_cpg
TNFSF15,gamo_cpg
TNC,gamo_cpg
ASTN2,gamo_cpg
NAIF1,gamo_cpg
fam102a,gamo_cpg
ST6GALNAC6,gamo_cpg
Eng,gamo_cpg
CDK9,gamo_cpg
Sh2d3c,gamo_cpg
DNM1,gamo_cpg
ODF2,gamo_cpg
GLE1,gamo_cpg
Wdr34,gamo_cpg
Spout1,gamo_cpg
NUP188,gamo_cpg
SH3GLB2,gamo_cpg
CRAT,gamo_cpg
PTPA,gamo_cpg
Gpr107,gamo_cpg
Ncs1,gamo_cpg
HMCN2,gamo_cpg
FUBP3,gamo_cpg
fibcd1-b,gamo_cpg
LAMC3,gamo_cpg
Aif1l,gamo_cpg
NUP214,gamo_cpg
FAM78A,gamo_cpg
RAPGEF1,gamo_cpg
MED27,gamo_cpg
CFAP77,gamo_cpg
BARHL1,gamo_cpg
DDX31,gamo_cpg
TSC1,gamo_cpg
RGL1,gamo_cpg
CACFD1,gamo_cpg
ADAMTSL2,gamo_cpg
FAM163B,gamo_cpg
DBH,gamo_cpg
SARDH,gamo_cpg
VAV2,gamo_cpg
OLFM1,gamo_cpg
fam69b,gamo_cpg
Notch1,gamo_cpg
SEC16A,gamo_cpg
Inpp5e,gamo_cpg
SNAPC4,gamo_cpg
CARD9,gamo_cpg
Gpsm1,gamo_cpg
Nacc2,gamo_cpg
CAMSAP1,gamo_cpg
KCNT1,gamo_cpg
cuta,gamo_cpg
PHF19,gamo_cpg
CNTRL,gamo_cpg
GSN,gamo_cpg
STOM,gamo_cpg
DAB2IP,gamo_cpg
TTLL11,gamo_cpg
LHX6,gamo_cpg
RBM18,gamo_cpg
MRRF,gamo_cpg
PTGS1,gamo_cpg
ZBTB6,gamo_cpg
ZBTB26,gamo_cpg
RABGAP1,gamo_cpg
STRBP,gamo_cpg
Lhx2,gamo_cpg
NEK6,gamo_cpg
Psmb7,gamo_cpg
ADGRD2,gamo_cpg
NR5A1,gamo_cpg
Nr6a1,gamo_cpg
SCAI,gamo_cpg
GOLGA1,gamo_cpg
PPP6C,gamo_cpg
GAPVD1,gamo_cpg
MAPKAP1,gamo_cpg
PBX3,gamo_cpg
MVB12B,gamo_cpg
LMX1B,gamo_cpg
RALGPS1,gamo_cpg
FBXW10,gamo_cpg
Arhgap44,gamo_cpg
PIK3R5,gamo_cpg
NTN1,gamo_cpg
STX8,gamo_cpg
Myh10,gamo_cpg
NDEL1,gamo_cpg
DNAH9,gamo_cpg
Dynein,gamo_cpg
MYOCD,gamo_cpg
tmem220,gamo_cpg
MYH3,gamo_cpg
MYH4,gamo_cpg
CCDC61,gamo_cpg
B3gntl1,gamo_cpg
WDR45B,gamo_cpg
FOXK2,gamo_cpg
Uts2r,gamo_cpg
MROH7,gamo_cpg
9-Sep,gamo_cpg
Tnrc6b,gamo_cpg
TNRC6C,gamo_cpg
MGAT5B,gamo_cpg
MXRA7,gamo_cpg
ST6GALNAC1,gamo_cpg
Ube2o,gamo_cpg
PRPSAP1,gamo_cpg
UBALD2,gamo_cpg
SRP68,gamo_cpg
EVPL,gamo_cpg
ACOX1,gamo_cpg
TRIM47,gamo_cpg
WBP2,gamo_cpg
UNC13D,gamo_cpg
UNK,gamo_cpg
GALK1,gamo_cpg
Itgb4,gamo_cpg
Recql5,gamo_cpg
MYO15B,gamo_cpg
TMEM94,gamo_cpg
MIF4GD,gamo_cpg
GGA3,gamo_cpg
Nup85,gamo_cpg
Ush1g,gamo_cpg
FDXR,gamo_cpg
Grin2c,gamo_cpg
RAB37,gamo_cpg
Xylt2,gamo_cpg
LRRC59,gamo_cpg
Chad,gamo_cpg
RSAD1,gamo_cpg
EPN3,gamo_cpg
SPATA20,gamo_cpg
ANKRD40,gamo_cpg
Spag9,gamo_cpg
TOM1L1,gamo_cpg
Hlf,gamo_cpg
Mmd,gamo_cpg
NOG,gamo_cpg
Gm525,gamo_cpg
DGKE,gamo_cpg
coil,gamo_cpg
Crlf3,gamo_cpg
Adap2,gamo_cpg
rhot2,gamo_cpg
znf207,gamo_cpg
Pecam1,gamo_cpg
SMURF2,gamo_cpg
CACNG4,gamo_cpg
Axin2,gamo_cpg
GNA13,gamo_cpg
SLC16A6,gamo_cpg
ARSG,gamo_cpg
Wipi1,gamo_cpg
PRKAR1A,gamo_cpg
Abca8b,gamo_cpg
MAP2K6,gamo_cpg
KCNJ16,gamo_cpg
COG1,gamo_cpg
CPSF4,gamo_cpg
SDK2,gamo_cpg
ttyh2,gamo_cpg
btbd17,gamo_cpg
Nploc4,gamo_cpg
Bahcc1,gamo_cpg
SLC38A10,gamo_cpg
cep131,gamo_cpg
AATK,gamo_cpg
Baiap2,gamo_cpg
Rptor,gamo_cpg
Endov,gamo_cpg
Rnf213,gamo_cpg
SLC26A11,gamo_cpg
SGSH,gamo_cpg
GAA,gamo_cpg
TBC1D16,gamo_cpg
CBX4,gamo_cpg
Enpp7,gamo_cpg
ENGASE,gamo_cpg
TIMP2,gamo_cpg
CYTH1,gamo_cpg
DNAH17,gamo_cpg
THA1,gamo_cpg
TMC6,gamo_cpg
Hgs,gamo_cpg
Slc25a10,gamo_cpg
Gcgr,gamo_cpg
PCYT2,gamo_cpg
LRRC45,gamo_cpg
Dus1l,gamo_cpg
FASN,gamo_cpg
Mlxipl,gamo_cpg
BAZ1B,gamo_cpg
Fzd9,gamo_cpg
NSUN5,gamo_cpg
POM121C,gamo_cpg
HIP1,gamo_cpg
Mpo,gamo_cpg
EPX,gamo_cpg
TSPOAP1,gamo_cpg
RNF43,gamo_cpg
MTMR4,gamo_cpg
4-Sep,gamo_cpg
Ccdc183,gamo_cpg
GALNT17,gamo_cpg
GTF2I,gamo_cpg
GTF2IRD1,gamo_cpg
MKS1,gamo_cpg
RBBP6,gamo_cpg
CLIP2,gamo_cpg
LAT2,gamo_cpg
mybbp1a,gamo_cpg
Spns3,gamo_cpg
Cyb5d2,gamo_cpg
ATP2A3,gamo_cpg
P2RX1,gamo_cpg
CAMKK1,gamo_cpg
MIS12,gamo_cpg
Myosin,gamo_cpg
CUX1,gamo_cpg
ALKBH4,gamo_cpg
Rasa4,gamo_cpg
DTX2,gamo_cpg
Ywhag,gamo_cpg
Srrm3,gamo_cpg
POR,gamo_cpg
RASL10B,gamo_cpg
Rad51d,gamo_cpg
LIG3,gamo_cpg
tmem132e,gamo_cpg
NF2,gamo_cpg
CCT6,gamo_cpg
CRCP,gamo_cpg
NCBP3,gamo_cpg
YWHAE,gamo_cpg
MYO1C,gamo_cpg
SCARF1,gamo_cpg
PRPF8,gamo_cpg
WDR81,gamo_cpg
DPH1,gamo_cpg
VTN,gamo_cpg
Foxn1,gamo_cpg
KIAA0100,gamo_cpg
SUPT6H,gamo_cpg
NEK8,gamo_cpg
FAM222B,gamo_cpg
PHF12,gamo_cpg
SEZ6,gamo_cpg
MYO18A,gamo_cpg
NUFIP2,gamo_cpg
TAOK1,gamo_cpg
Abhd15,gamo_cpg
GIT1,gamo_cpg
ANKRD13B,gamo_cpg
EFCAB5,gamo_cpg
BLMH,gamo_cpg
CPD,gamo_cpg
GOSR1,gamo_cpg
ABR,gamo_cpg
SPECC1,gamo_cpg
NCOR1,gamo_cpg
P2rx5,gamo_cpg
Trpv3,gamo_cpg
AKAP10,gamo_cpg
nle1,gamo_cpg
ULK2,gamo_cpg
ALDH3A2,gamo_cpg
Slc47a2,gamo_cpg
Fam57a,gamo_cpg
VPS53,gamo_cpg
Rflnb,gamo_cpg
Rph3al,gamo_cpg
Doc2b,gamo_cpg
TEX14,gamo_cpg
PPM1E,gamo_cpg
TRIM37,gamo_cpg
Vmp1,gamo_cpg
INTS2,gamo_cpg
Tbx4,gamo_cpg
myo19,gamo_cpg
PIGW,gamo_cpg
MRM1,gamo_cpg
AATF,gamo_cpg
ACAC,gamo_cpg
HNF1B,gamo_cpg
Heatr6,gamo_cpg
CUEDC1,gamo_cpg
NF1,gamo_cpg
EVI2B,gamo_cpg
KSR1,gamo_cpg
NOS2,gamo_cpg
NLK,gamo_cpg
TNFAIP1,gamo_cpg
SGSM2,gamo_cpg
Cluh,gamo_cpg
RAP1GAP2,gamo_cpg
WSCD1,gamo_cpg
SLC13A5,gamo_cpg
KIAA0753,gamo_cpg
SMYD5,gamo_cpg
Arhgef10l,gamo_cpg
GCC1,gamo_cpg
Dennd6b,gamo_cpg
SBF1,gamo_cpg
STRIP2,gamo_cpg
Nrf1,gamo_cpg
Klhdc10,gamo_cpg
VNX1,gamo_cpg
CPA2,gamo_cpg
CEP41,gamo_cpg
GDI2,gamo_cpg
Net1,gamo_cpg
PLXNA4,gamo_cpg
MKLN1,gamo_cpg
PFKFB3,gamo_cpg
celf2,gamo_cpg
UPF2,gamo_cpg
PHYH,gamo_cpg
Frmd4a,gamo_cpg
TMEM243,gamo_cpg
Itpripl1,gamo_cpg
PTPRZ1,gamo_cpg
Cadps2,gamo_cpg
MOV10L1,gamo_cpg
ZBED4,gamo_cpg
Celsr1,gamo_cpg
TRMU,gamo_cpg
GTSE1,gamo_cpg
KIF21A,gamo_cpg
ABCD2,gamo_cpg
LRRK2,gamo_cpg
SF3B2,gamo_cpg
LAMB1,gamo_cpg
CBLL1,gamo_cpg
COG5,gamo_cpg
SRPK2,gamo_cpg
RELN,gamo_cpg
PMPCB,gamo_cpg
CCDC146,gamo_cpg
GSAP,gamo_cpg
RSBN1L,gamo_cpg
SEMA3C,gamo_cpg
SEMA3A,gamo_cpg
SRGAP1,gamo_cpg
Histone,gamo_cpg
TTC26,gamo_cpg
LUC7L2,gamo_cpg
Rrp7a,gamo_cpg
TCF20,gamo_cpg
Shisa8,gamo_cpg
Srebf2,gamo_cpg
Mei1,gamo_cpg
Desi1,gamo_cpg
Pmm1,gamo_cpg
CSDC2,gamo_cpg
POLR3H,gamo_cpg
Aco2,gamo_cpg
ZC3H7B,gamo_cpg
Chadl,gamo_cpg
L3MBTL2,gamo_cpg
EP300,gamo_cpg
XPNPEP3,gamo_cpg
Mrtfa,gamo_cpg
sgsm3,gamo_cpg
ADSL,gamo_cpg
Cacna1i,gamo_cpg
Atf4,gamo_cpg
mief1,gamo_cpg
Tab1,gamo_cpg
Pdgfb,gamo_cpg
CBX7,gamo_cpg
Cbx6,gamo_cpg
Sun2,gamo_cpg
JOSD1,gamo_cpg
SLC16A3,gamo_cpg
MICALL1,gamo_cpg
EIF3L,gamo_cpg
Gcat,gamo_cpg
TRIOBP,gamo_cpg
Beta-galactoside-binding,gamo_cpg
BARGIN,gamo_cpg
Cdc42ep1,gamo_cpg
Card10,gamo_cpg
Mfng,gamo_cpg
ELFN2,gamo_cpg
IL2RB,gamo_cpg
MPST,gamo_cpg
TST,gamo_cpg
CACNG2,gamo_cpg
FOXRED2,gamo_cpg
TXN2,gamo_cpg
MYH9,gamo_cpg
MB,gamo_cpg
TOM1,gamo_cpg
LARGE1,gamo_cpg
RTCB,gamo_cpg
POLR3B,gamo_cpg
APPL2,gamo_cpg
TXNRD1,gamo_cpg
GLT8D2,gamo_cpg
STAB2,gamo_cpg
SYCP3,gamo_cpg
MYBPC1,gamo_cpg
SPIC,gamo_cpg
Hipk2,gamo_cpg
KIAA1549,gamo_cpg
ATP6V0A4,gamo_cpg
DENND5B,gamo_cpg
KIF3C,gamo_cpg
ICP0,gamo_cpg
SLC13A4,gamo_cpg
PKP2,gamo_cpg
FGD4,gamo_cpg
BICD1,gamo_cpg
TSPAN12,gamo_cpg
WNT16,gamo_cpg
ANKRD26,gamo_cpg
ASZ1,gamo_cpg
WNT2,gamo_cpg
CNTN1,gamo_cpg
GXYLT1,gamo_cpg
TWF1,gamo_cpg
ANO6,gamo_cpg
SLC38A1,gamo_cpg
MON2,gamo_cpg
Avpr1a,gamo_cpg
TMBIM4,gamo_cpg
ERP27,gamo_cpg
ARHGDIB,gamo_cpg
WDR91,gamo_cpg
UTP20,gamo_cpg
APAF1,gamo_cpg
CFAP54,gamo_cpg
CDK17,gamo_cpg
Elk3,gamo_cpg
PLXNC1,gamo_cpg
EEA1,gamo_cpg
PTPRQ,gamo_cpg
PPP1R12A,gamo_cpg
ZDHHC17,gamo_cpg
GLIPR1,gamo_cpg
KCNC2,gamo_cpg
TPH2,gamo_cpg
KCNMB4,gamo_cpg
CTSE,gamo_cpg
LRRC10,gamo_cpg
MDM1,gamo_cpg
IL26,gamo_cpg
BCAT1,gamo_cpg
PRR5,gamo_cpg
KIAA0930,gamo_cpg
WNT7B,gamo_cpg
CDPF1,gamo_cpg
LRP6,gamo_cpg
MANSC4,gamo_cpg
Klhl42,gamo_cpg
FAR1,gamo_cpg
ARHGEF5,gamo_cpg
PARVB,gamo_cpg
SCUBE1,gamo_cpg
TTLL12,gamo_cpg
TSPO,gamo_cpg
MCAT,gamo_cpg
Ybx3,gamo_cpg
ABCC9,gamo_cpg
Kcnj8,gamo_cpg
LRMP,gamo_cpg
PPFIBP1,gamo_cpg
Tm7sf3,gamo_cpg
Dag1,gamo_cpg
ITPR2,gamo_cpg
RASSF8,gamo_cpg
CCND2,gamo_cpg
TRIM24,gamo_cpg
Slc7a11,gamo_cpg
MKRN1,gamo_cpg
DENND2A,gamo_cpg
WASHC1,gamo_cpg
Iqsec3,gamo_cpg
SLC6A13,gamo_cpg
KDM5A,gamo_cpg
B4GALNT3,gamo_cpg
WNK1,gamo_cpg
Erc1,gamo_cpg
Fbxl14,gamo_cpg
ADIPOR2,gamo_cpg
CACNA1C,gamo_cpg
IL17RA,gamo_cpg
HDHD5,gamo_cpg
ada2,gamo_cpg
CECR2,gamo_cpg
PTPRO,gamo_cpg
EPS8,gamo_cpg
Dera,gamo_cpg
LMO3,gamo_cpg
PLEKHA5,gamo_cpg
PDE3A,gamo_cpg
SLCO1C1,gamo_cpg
METTL15P1,gamo_cpg
METTL15,gamo_cpg
Rcn1,gamo_cpg
KIAA1549L,gamo_cpg
SPON1,gamo_cpg
PPFIBP2,gamo_cpg
PTH,gamo_cpg
Tead1,gamo_cpg
MICALCL,gamo_cpg
MICAL2,gamo_cpg
USP47,gamo_cpg
GAS2,gamo_cpg
FANCF,gamo_cpg
Pim1,gamo_cpg
Slc6a5,gamo_cpg
PRMT3,gamo_cpg
NAV2,gamo_cpg
CCND1,gamo_cpg
ANO1,gamo_cpg
GOLGB1,gamo_cpg
ABTB2,gamo_cpg
FADS1,gamo_cpg
RAB3IL1,gamo_cpg
GRK2,gamo_cpg
Ssh3,gamo_cpg
GLYATL3,gamo_cpg
CARNS1,gamo_cpg
Coro1b,gamo_cpg
CABP4,gamo_cpg
Osbp,gamo_cpg
MS4A12,gamo_cpg
SYT7,gamo_cpg
MYRF,gamo_cpg
SYT12,gamo_cpg
Pkp3,gamo_cpg
Ctnnd1,gamo_cpg
Plcb2,gamo_cpg
Ccdc32,gamo_cpg
Aldh3b1,gamo_cpg
SPTB,gamo_cpg
Nup160,gamo_cpg
MTCH2,gamo_cpg
RAB15,gamo_cpg
Fntb,gamo_cpg
TMEM86A,gamo_cpg
GTF2H1,gamo_cpg
HPS5,gamo_cpg
TPH1,gamo_cpg
SERGEF,gamo_cpg
Otog,gamo_cpg
Ush1c,gamo_cpg
ABCC8,gamo_cpg
NUCB2,gamo_cpg
PIK3C2A,gamo_cpg
PLEKHA7,gamo_cpg
Insc,gamo_cpg
COPB1,gamo_cpg
TRIM66,gamo_cpg
Nrip3,gamo_cpg
DENND5A,gamo_cpg
IPO7,gamo_cpg
AMPD3,gamo_cpg
RNF141,gamo_cpg
EIF4G2,gamo_cpg
Foxm1,gamo_cpg
Asb10,gamo_cpg
GBX1,gamo_cpg
AGAP3,gamo_cpg
FASTK,gamo_cpg
SLC4A2,gamo_cpg
Ptpn23,gamo_cpg
SCAP,gamo_cpg
elp6,gamo_cpg
SMARCC1,gamo_cpg
DHX30,gamo_cpg
MAP4,gamo_cpg
Trim39,gamo_cpg
ZNF777,gamo_cpg
ZNF282,gamo_cpg
KLHL18,gamo_cpg
WNT9A,gamo_cpg
Arf1,gamo_cpg
Guk1,gamo_cpg
Obscn,gamo_cpg
Hhatl,gamo_cpg
ZBTB47,gamo_cpg
Mindy4,gamo_cpg
VIL1,gamo_cpg
Map3k3,gamo_cpg
cry-dash,gamo_cpg
MYD88,gamo_cpg
CSRNP1,gamo_cpg
CELA1,gamo_cpg
ACVR2B,gamo_cpg
Crygn,gamo_cpg
KMT2C,gamo_cpg
ACTR3B,gamo_cpg
PAXIP1,gamo_cpg
LMBR1,gamo_cpg
DNAJB6,gamo_cpg
PTPRN2,gamo_cpg
ncapg2,gamo_cpg
esyt2-a,gamo_cpg
ZMYND11,gamo_cpg
DIP2C,gamo_cpg
Klf6,gamo_cpg
CUL2,gamo_cpg
PARD3,gamo_cpg
NRP1,gamo_cpg
ITGB1,gamo_cpg
ZEB1,gamo_cpg
ZNF438,gamo_cpg
SVIL,gamo_cpg
MAP3K8,gamo_cpg
Armc4,gamo_cpg
pks5,gamo_cpg
XAC2392,gamo_cpg
GAD2,gamo_cpg
KIAA1217,gamo_cpg
ARMC3,gamo_cpg
Spag6,gamo_cpg
BMI1,gamo_cpg
MRC1,gamo_cpg
HACD1,gamo_cpg
VIM,gamo_cpg
CUBN,gamo_cpg
PTER,gamo_cpg
NMT2,gamo_cpg
ADAM22,gamo_cpg
AKAP9,gamo_cpg
PEX1,gamo_cpg
VPS50,gamo_cpg
acdh-6,gamo_cpg
ASNS,gamo_cpg
C1GALT1,gamo_cpg
Glcci1,gamo_cpg
VWDE,gamo_cpg
DGKB,gamo_cpg
Agmo,gamo_cpg
AHR,gamo_cpg
CDCA7L,gamo_cpg
CCDC126,gamo_cpg
Creb5,gamo_cpg
Tbc1d5,gamo_cpg
PP2D1,gamo_cpg
RAB5A,gamo_cpg
KAT2B,gamo_cpg
OR14J1,gamo_cpg
NKIRAS1,gamo_cpg
Rpl15,gamo_cpg
TOP2B,gamo_cpg
OXSM,gamo_cpg
AZI2,gamo_cpg
TRIM71,gamo_cpg
Ano10,gamo_cpg
Fam198a,gamo_cpg
GGCT,gamo_cpg
mturn,gamo_cpg
SH3BP5,gamo_cpg
PIK3R4,gamo_cpg
NEK11,gamo_cpg
ACPP,gamo_cpg
Ccr8,gamo_cpg
GLB1,gamo_cpg
CTNNB1,gamo_cpg
TGM4,gamo_cpg
CDCP1,gamo_cpg
Limd1,gamo_cpg
sacm1l,gamo_cpg
KBTBD2,gamo_cpg
NT5C3A,gamo_cpg
Bmper,gamo_cpg
HERPUD2,gamo_cpg
7-Sep,gamo_cpg
AOAH,gamo_cpg
MLH1,gamo_cpg
COA1,gamo_cpg
EZH2,gamo_cpg
STAC,gamo_cpg
CLASP2,gamo_cpg
VPS41,gamo_cpg
AMPH,gamo_cpg
NEUROD6,gamo_cpg
6-Mar,gamo_cpg
Sbk2,gamo_cpg
Abca13,gamo_cpg
FIGNL1,gamo_cpg
GRB10,gamo_cpg
DNAH5,gamo_cpg
TRIO,gamo_cpg
Ankh,gamo_cpg
Fbxl7,gamo_cpg
ZNF622,gamo_cpg
RETREG1,gamo_cpg
DROSHA,gamo_cpg
PIGN,gamo_cpg
MARVELD3,gamo_cpg
SERPINB10,gamo_cpg
SERPINB1,gamo_cpg
Foxf2,gamo_cpg
dusp22,gamo_cpg
BPHL,gamo_cpg
Tubulin,gamo_cpg
Fars2,gamo_cpg
F13A1,gamo_cpg
RIOK1,gamo_cpg
Bmp6,gamo_cpg
NEDD9,gamo_cpg
TBC1D7,gamo_cpg
Atxn1,gamo_cpg
GMPR,gamo_cpg
RANBP9,gamo_cpg
KIF13A,gamo_cpg
Dek,gamo_cpg
ID4,gamo_cpg
MBOAT1,gamo_cpg
Cdkal1,gamo_cpg
Sall3,gamo_cpg
Nfatc1,gamo_cpg
RECK,gamo_cpg
BRD9,gamo_cpg
Ift172,gamo_cpg
NRBP1,gamo_cpg
PPM1G,gamo_cpg
RNF19A,gamo_cpg
ZNF513,gamo_cpg
Snx17,gamo_cpg
CAD,gamo_cpg
Trim54,gamo_cpg
Gtf3c2,gamo_cpg
PREB,gamo_cpg
Emilin1,gamo_cpg
Agbl5,gamo_cpg
TMEM214,gamo_cpg
DPYSL5,gamo_cpg
DNMT3A,gamo_cpg
VSTM2A,gamo_cpg
FHOD3,gamo_cpg
TMEM245,gamo_cpg
PTPN3,gamo_cpg
PCBP3,gamo_cpg
BAG1,gamo_cpg
SDHA,gamo_cpg
TERT,gamo_cpg
IRX4,gamo_cpg
INVS,gamo_cpg
NR4A3,gamo_cpg
CARMIL1,gamo_cpg
RIPOR2,gamo_cpg
ZNF236,gamo_cpg
ZADH2,gamo_cpg
C18orf63,gamo_cpg
WWP1,gamo_cpg
ATAD2,gamo_cpg
HEY1,gamo_cpg
GDAP1,gamo_cpg
LY96,gamo_cpg
lactb2,gamo_cpg
NCOA2,gamo_cpg
PRDM14,gamo_cpg
SLCO5A1,gamo_cpg
PREX2,gamo_cpg
Adhfe1,gamo_cpg
Trim55,gamo_cpg
CYP7B1,gamo_cpg
CHD7,gamo_cpg
SDR16C5,gamo_cpg
PLAG1,gamo_cpg
RP1,gamo_cpg
ST18,gamo_cpg
Selenoi,gamo_cpg
DTNA,gamo_cpg
KLHL14,gamo_cpg
TRAPPC8,gamo_cpg
Taf4b,gamo_cpg
TTC39C,gamo_cpg
LAMA3,gamo_cpg
EMILIN2,gamo_cpg
MYOM1,gamo_cpg
DLGAP1,gamo_cpg
EPB41L3,gamo_cpg
TMEM200C,gamo_cpg
ARHGAP28,gamo_cpg
LAMA1,gamo_cpg
ANKRD12,gamo_cpg
TWSG1,gamo_cpg
Rab31,gamo_cpg
Piezo2,gamo_cpg
Cidea,gamo_cpg
CEP192,gamo_cpg
LDLRAD4,gamo_cpg
CDH7,gamo_cpg
NDC80,gamo_cpg
SH3RF2,gamo_cpg
LARS,gamo_cpg
RBM27,gamo_cpg
Dpysl3,gamo_cpg
lrrc14,gamo_cpg
ARHGAP39,gamo_cpg
Feather,gamo_cpg
bmb,gamo_cpg
TIGD5,gamo_cpg
EEF1D,gamo_cpg
PTK2,gamo_cpg
TRAPPC9,gamo_cpg
ZFAT,gamo_cpg
ST3GAL1,gamo_cpg
TG,gamo_cpg
Asap1,gamo_cpg
WASHC5,gamo_cpg
MTSS1,gamo_cpg
Tatdn1,gamo_cpg
RNF139,gamo_cpg
TMEM65,gamo_cpg
FER1L6,gamo_cpg
FBXO32,gamo_cpg
Sntb1,gamo_cpg
MTBP,gamo_cpg
DSCC1,gamo_cpg
MAL2,gamo_cpg
TNFRSF11B,gamo_cpg
EXT1,gamo_cpg
EIF3H,gamo_cpg
CSMD3,gamo_cpg
NUDCD1,gamo_cpg
Dpys,gamo_cpg
ATP6V1C1,gamo_cpg
UBR5,gamo_cpg
NCALD,gamo_cpg
GRHL2,gamo_cpg
YWHAZ,gamo_cpg
SNX31,gamo_cpg
ANKRD46,gamo_cpg
SPAG1,gamo_cpg
POP1,gamo_cpg
INTS8,gamo_cpg
DPY19L4,gamo_cpg
gbp,gamo_cpg
ESRP1,gamo_cpg
Virma,gamo_cpg
PDP1,gamo_cpg
RUNX1T1,gamo_cpg
Slc26a7,gamo_cpg
NBN,gamo_cpg
env,gamo_cpg
Cep250,gamo_cpg
FSIP2,gamo_cpg
MAP1LC3A,gamo_cpg
Fer1l4,gamo_cpg
PHF20,gamo_cpg
NDRG3,gamo_cpg
CHD6,gamo_cpg
PIGU,gamo_cpg
Tp53inp2,gamo_cpg
Ncoa6,gamo_cpg
GGT7,gamo_cpg
MYL9,gamo_cpg
Tgif2,gamo_cpg
DLGAP4,gamo_cpg
AAR2,gamo_cpg
Epb41l1,gamo_cpg
L3MBTL1,gamo_cpg
EIF2S2,gamo_cpg
Raly,gamo_cpg
PLIN3,gamo_cpg
ZNF341,gamo_cpg
Necab3,gamo_cpg
Actl10,gamo_cpg
CBFA2T2,gamo_cpg
Tox2,gamo_cpg
MYH7,gamo_cpg
ACSS2,gamo_cpg
SOGA1,gamo_cpg
PTPRT,gamo_cpg
ACTR5,gamo_cpg
DHX35,gamo_cpg
TOP1,gamo_cpg
PLCG1,gamo_cpg
ZHX3,gamo_cpg
Lpin3,gamo_cpg
EMILIN3,gamo_cpg
RPN2,gamo_cpg
Glucagon,gamo_cpg
SRC,gamo_cpg
PIGT,gamo_cpg
RBPJL,gamo_cpg
MATN4,gamo_cpg
STK4,gamo_cpg
Tomm34,gamo_cpg
epabp,gamo_cpg
HNF4A,gamo_cpg
Gdap1l1,gamo_cpg
TRHR,gamo_cpg
SLC13A3,gamo_cpg
EYA2,gamo_cpg
ZMYND8,gamo_cpg
TGM6,gamo_cpg
Cdh22,gamo_cpg
CD40,gamo_cpg
NCOA5,gamo_cpg
Slc12a5,gamo_cpg
Mmp9,gamo_cpg
Znf335,gamo_cpg
PCIF1,gamo_cpg
PLTP,gamo_cpg
SNX21,gamo_cpg
rgs9bp,gamo_cpg
WFDC3,gamo_cpg
Ctnnbl1,gamo_cpg
TTI1,gamo_cpg
Rprd1b,gamo_cpg
KIAA1755,gamo_cpg
TENP,gamo_cpg
Bpifb4,gamo_cpg
MAPRE1,gamo_cpg
DNMT3B,gamo_cpg
COMMD7,gamo_cpg
NOL4L,gamo_cpg
ASXL1,gamo_cpg
TM9SF4,gamo_cpg
HCK,gamo_cpg
CCM2L,gamo_cpg
Xkr7,gamo_cpg
MYLK2,gamo_cpg
tpx2-b,gamo_cpg
BPI,gamo_cpg
SLC52A3,gamo_cpg
ANGPT4,gamo_cpg
PSMF1,gamo_cpg
SNPH,gamo_cpg
FKBP1A,gamo_cpg
SIRPA,gamo_cpg
Helz2,gamo_cpg
Lime1,gamo_cpg
ZBTB46,gamo_cpg
ZNF512B,gamo_cpg
SAMD10,gamo_cpg
Prpf6,gamo_cpg
sox18-a,gamo_cpg
TCEA2,gamo_cpg
Myt1,gamo_cpg
Pxdn,gamo_cpg
Srms,gamo_cpg
Kcnq2,gamo_cpg
COL20A1,gamo_cpg
DEPTOR,gamo_cpg
Arfgap1,gamo_cpg
Slc17a9,gamo_cpg
DIDO1,gamo_cpg
TCFL5,gamo_cpg
Ogfr,gamo_cpg
RBBP8NL,gamo_cpg
Cables2,gamo_cpg
LAMA5,gamo_cpg
Ss18l1,gamo_cpg
CDH4,gamo_cpg
CDH26,gamo_cpg
SYCP2,gamo_cpg
PHACTR3,gamo_cpg
EDN3,gamo_cpg
ZNF831,gamo_cpg
pmepa1,gamo_cpg
Bmp7,gamo_cpg
GCNT7,gamo_cpg
RTFDC1,gamo_cpg
Dok5,gamo_cpg
CYP24A1,gamo_cpg
Bcas1,gamo_cpg
ZNF217,gamo_cpg
TSHZ2,gamo_cpg
ZFP64,gamo_cpg
SALL4,gamo_cpg
ATP9A,gamo_cpg
NFATC2,gamo_cpg
MOCS3,gamo_cpg
RIPOR3,gamo_cpg
PTPN1,gamo_cpg
Sodium/hydrogen,gamo_cpg
B4GALT5,gamo_cpg
SBSPON,gamo_cpg
CSE1L,gamo_cpg
ARFGEF2,gamo_cpg
PREX1,gamo_cpg
tspan36,gamo_cpg
Myo5b,gamo_cpg
ACAA2,gamo_cpg
DYM,gamo_cpg
HDHD2,gamo_cpg
LOXHD1,gamo_cpg
Rnf165,gamo_cpg
EPG5,gamo_cpg
Espn,gamo_cpg
Tmem88,gamo_cpg
MIB2,gamo_cpg
Cfap74,gamo_cpg
SKI,gamo_cpg
PLCH2,gamo_cpg
KBP,gamo_cpg
PANK4,gamo_cpg
ttc34,gamo_cpg
PRDM16,gamo_cpg
Megf6,gamo_cpg
TPRG1L,gamo_cpg
Wrap73,gamo_cpg
Tp73,gamo_cpg
CEP104,gamo_cpg
Ajap1,gamo_cpg
nphp4,gamo_cpg
KCNAB2,gamo_cpg
Chd5,gamo_cpg
rnf207b,gamo_cpg
ACOT7,gamo_cpg
PLEKHG5,gamo_cpg
NOL9,gamo_cpg
TAS1R1,gamo_cpg
DNAJC11,gamo_cpg
VPS13D,gamo_cpg
TNFRSF1B,gamo_cpg
MTHFR,gamo_cpg
ANGPTL7,gamo_cpg
SRM,gamo_cpg
PPIH,gamo_cpg
ZBTB40,gamo_cpg
EPHA8,gamo_cpg
C1qa,gamo_cpg
EPHB2,gamo_cpg
CDA,gamo_cpg
MUL1,gamo_cpg
VWA5B1,gamo_cpg
DDX19A,gamo_cpg
UBXN10,gamo_cpg
Rnf186,gamo_cpg
HTR6,gamo_cpg
PQLC2,gamo_cpg
EMC1,gamo_cpg
UBR4,gamo_cpg
Iffo2,gamo_cpg
Ccdc30,gamo_cpg
ZMYND12,gamo_cpg
SLC2A1,gamo_cpg
PHC2,gamo_cpg
USP48,gamo_cpg
ALPL,gamo_cpg
EIF4G3,gamo_cpg
HP1BP3,gamo_cpg
Kif17,gamo_cpg
RSC1A1,gamo_cpg
SPEN,gamo_cpg
Zbtb17,gamo_cpg
EPHA2,gamo_cpg
Atp13a2,gamo_cpg
SDHB,gamo_cpg
TAS1R3,gamo_cpg
RERE,gamo_cpg
CA6,gamo_cpg
SLC2A5,gamo_cpg
Gpr157,gamo_cpg
SLC25A33,gamo_cpg
UBE4B,gamo_cpg
Kif1c,gamo_cpg
KIF1B,gamo_cpg
PEX14,gamo_cpg
Casz1,gamo_cpg
OGDH,gamo_cpg
Ckap2l,gamo_cpg
SLC20A1,gamo_cpg
Pold2,gamo_cpg
Aebp1,gamo_cpg
DBNL,gamo_cpg
retsat,gamo_cpg
VAMP5,gamo_cpg
SFTPB,gamo_cpg
GMCL1,gamo_cpg
ANXA4,gamo_cpg
AAK1,gamo_cpg
ANTXR1,gamo_cpg
Arhgap25,gamo_cpg
PCNA,gamo_cpg
SLC23A2,gamo_cpg
Prom2,gamo_cpg
STAMBP,gamo_cpg
KCTD9,gamo_cpg
NEFL,gamo_cpg
NEFM,gamo_cpg
CHMP7,gamo_cpg
RHOBTB2,gamo_cpg
Bin3,gamo_cpg
SORBS3,gamo_cpg
PPP3CC,gamo_cpg
SFTPC,gamo_cpg
LZTS1,gamo_cpg
Atp6v1b2,gamo_cpg
UNC5D,gamo_cpg
ERLIN2,gamo_cpg
ADGRA2,gamo_cpg
BRF2,gamo_cpg
RAB11FIP1,gamo_cpg
ADRB4C,gamo_cpg
ASH2L,gamo_cpg
STAR,gamo_cpg
NSD3,gamo_cpg
FGFR1,gamo_cpg
TACC1,gamo_cpg
Plekha2,gamo_cpg
ADAM9,gamo_cpg
IDO2,gamo_cpg
Tcim,gamo_cpg
ZMAT4,gamo_cpg
SFRP1,gamo_cpg
GPAT4,gamo_cpg
ANK1,gamo_cpg
IKBKB,gamo_cpg
YTHDF2,gamo_cpg
TAF12,gamo_cpg
EPB41,gamo_cpg
PTPRU,gamo_cpg
MATN1,gamo_cpg
LAPTM5,gamo_cpg
PUM1,gamo_cpg
Zcchc17,gamo_cpg
Fabp3,gamo_cpg
SERINC2,gamo_cpg
HIVEP3,gamo_cpg
foxo3,gamo_cpg
SCMH1,gamo_cpg
CTPS1,gamo_cpg
XKR8,gamo_cpg
LUZP1,gamo_cpg
Fhl3,gamo_cpg
MTF1,gamo_cpg
EPHA10,gamo_cpg
C1orf109,gamo_cpg
GNL2,gamo_cpg
ZC3H12A,gamo_cpg
GRIK3,gamo_cpg
CSF3R,gamo_cpg
thrap3,gamo_cpg
Map7d1,gamo_cpg
BXL5,gamo_cpg
AGO3,gamo_cpg
Ago1,gamo_cpg
AGO4,gamo_cpg
CLSPN,gamo_cpg
UPF0500,gamo_cpg
tfap2e,gamo_cpg
ZMYM4,gamo_cpg
DLGAP3,gamo_cpg
gja4,gamo_cpg
KCNQ4,gamo_cpg
Txlna,gamo_cpg
Kpna6,gamo_cpg
BSDC1,gamo_cpg
ZBTB8B,gamo_cpg
SYNC,gamo_cpg
Kiaa1522,gamo_cpg
YARS,gamo_cpg
Tmem54,gamo_cpg
MACF1,gamo_cpg
NT5C1A,gamo_cpg
FAM49A,gamo_cpg
TRIT1,gamo_cpg
mfsd2a,gamo_cpg
LYPLA2,gamo_cpg
FUCA1,gamo_cpg
Myom3,gamo_cpg
IL22RA1,gamo_cpg
Grhl3,gamo_cpg
NIPAL3,gamo_cpg
RUNX3,gamo_cpg
syf2,gamo_cpg
RSRP1,gamo_cpg
MACO1,gamo_cpg
LDLRAP1,gamo_cpg
MAN1C1,gamo_cpg
STMN1,gamo_cpg
ext1c,gamo_cpg
TRIM63,gamo_cpg
CNKSR1,gamo_cpg
CEP85,gamo_cpg
SH3BGRL3,gamo_cpg
Ubxn11,gamo_cpg
LIN28A,gamo_cpg
DHDDS,gamo_cpg
RPS6KA,gamo_cpg
gpn2,gamo_cpg
Gpatch3,gamo_cpg
NUDC,gamo_cpg
Kdf1,gamo_cpg
TENT5A,gamo_cpg
WDTC1,gamo_cpg
TMEM222,gamo_cpg
AHDC1,gamo_cpg
cfaD,gamo_cpg
FAM76A,gamo_cpg
RCC1,gamo_cpg
Cxcr5,gamo_cpg
BCL9L,gamo_cpg
SLC37A4,gamo_cpg
HYOU1,gamo_cpg
Phldb1,gamo_cpg
IFT46,gamo_cpg
TMEM25,gamo_cpg
TTC36,gamo_cpg
USP28,gamo_cpg
HTR3A,gamo_cpg
ZBTB16,gamo_cpg
REXO2,gamo_cpg
CADM1,gamo_cpg
ZNF259,gamo_cpg
APOA4,gamo_cpg
Sik3,gamo_cpg
Sidt2,gamo_cpg
PCSK7,gamo_cpg
Rnf214,gamo_cpg
CEP164,gamo_cpg
DSCAML1,gamo_cpg
fxyd2,gamo_cpg
TMPRSS13,gamo_cpg
SCN4B,gamo_cpg
Mpzl3,gamo_cpg
CD3E,gamo_cpg
Tmprss5,gamo_cpg
ANKK1,gamo_cpg
NCAM1,gamo_cpg
Bco2,gamo_cpg
DLAT,gamo_cpg
DIXDC1,gamo_cpg
C11orf52,gamo_cpg
FDXACB1,gamo_cpg
ALG9,gamo_cpg
SIK2,gamo_cpg
Layn,gamo_cpg
Maternal,gamo_cpg
Nfkbiz,gamo_cpg
POU2AF1,gamo_cpg
zgc158412,gamo_cpg
HINFP,gamo_cpg
ABCG4,gamo_cpg
Nlrx1,gamo_cpg
RNF26,gamo_cpg
C1qtnf5,gamo_cpg
USP2,gamo_cpg
NECTIN1,gamo_cpg
oaf,gamo_cpg
ARHGEF12,gamo_cpg
Grik4,gamo_cpg
TBCEL,gamo_cpg
TECTA,gamo_cpg
SORL1,gamo_cpg
UBASH3B,gamo_cpg
CRTAM,gamo_cpg
JHY,gamo_cpg
Hspa8,gamo_cpg
CLMP,gamo_cpg
ATP12A,gamo_cpg
ACAD8,gamo_cpg
NCAPD3,gamo_cpg
IGSF9B,gamo_cpg
OPCML,gamo_cpg
Snx19,gamo_cpg
Adamts15,gamo_cpg
ADAMTS8,gamo_cpg
ZBTB44,gamo_cpg
Usp42,gamo_cpg
PKNOX2,gamo_cpg
Slc37a2,gamo_cpg
ROBO4,gamo_cpg
CDON,gamo_cpg
STT3A,gamo_cpg
TIRAP,gamo_cpg
KIRREL3,gamo_cpg
ETS1,gamo_cpg
ARHGAP32,gamo_cpg
Aplp2,gamo_cpg
PRDM10,gamo_cpg
Nfrkb,gamo_cpg
Cct3,gamo_cpg
DCST2,gamo_cpg
SHC1,gamo_cpg
KCNN3,gamo_cpg
Adar,gamo_cpg
CHRNB2,gamo_cpg
Ubap2l,gamo_cpg
TPM3,gamo_cpg
Smg5,gamo_cpg
LMNA,gamo_cpg
UBQLN4,gamo_cpg
Naxe,gamo_cpg
IQGAP3,gamo_cpg
mef2d,gamo_cpg
rhbg-b,gamo_cpg
BCAN,gamo_cpg
Tanabin,gamo_cpg
ISG20L2,gamo_cpg
SH2D2A,gamo_cpg
PRCC,gamo_cpg
Insrr,gamo_cpg
PEAR1,gamo_cpg
ADAM15,gamo_cpg
Slc50a1,gamo_cpg
Trim46,gamo_cpg
THBS3,gamo_cpg
MTX1,gamo_cpg
GBA,gamo_cpg
FAM189B,gamo_cpg
SCAMP3,gamo_cpg
RUSC1,gamo_cpg
ASH1L,gamo_cpg
GON4L,gamo_cpg
KHDC4,gamo_cpg
glmp-b,gamo_cpg
CADM3,gamo_cpg
Tagln2,gamo_cpg
SLC41A1,gamo_cpg
PM20D1,gamo_cpg
SLC26A9,gamo_cpg
RAB7B,gamo_cpg
AVPR1B,gamo_cpg
Srgap2,gamo_cpg
IKBKE,gamo_cpg
RASSF5,gamo_cpg
EIF2D,gamo_cpg
IL10,gamo_cpg
Il20,gamo_cpg
Pigr,gamo_cpg
PFKFB2,gamo_cpg
CR1,gamo_cpg
PLXNA2,gamo_cpg
LAMB3,gamo_cpg
TRAF3IP3,gamo_cpg
Irf6,gamo_cpg
GUCA1B,gamo_cpg
Rap1a,gamo_cpg
KCND3,gamo_cpg
WNT2B,gamo_cpg
CAPZA1,gamo_cpg
MOV10,gamo_cpg
PPM1J,gamo_cpg
FAM19A2,gamo_cpg
LRIG2,gamo_cpg
DSTYK,gamo_cpg
NUAK2,gamo_cpg
ELK4,gamo_cpg
SLC45A3,gamo_cpg
CNTN2,gamo_cpg
NFYA,gamo_cpg
CD300LB,gamo_cpg
ITPR3,gamo_cpg
IP6K3,gamo_cpg
LEMD2,gamo_cpg
MLN,gamo_cpg
GRM4,gamo_cpg
RCJMB04_11e11,gamo_cpg
UHRF1BP1,gamo_cpg
Mical1,gamo_cpg
SMPD2,gamo_cpg
TEAD3,gamo_cpg
TULP1,gamo_cpg
FKBP5,gamo_cpg
SRPK1,gamo_cpg
BRPF3,gamo_cpg
RSBN1,gamo_cpg
PTPN22,gamo_cpg
AP4B1,gamo_cpg
SYT6,gamo_cpg
TRIM33,gamo_cpg
AMPD1,gamo_cpg
NR1H4,gamo_cpg
FGD2,gamo_cpg
PNPLA1,gamo_cpg
Embryonic,gamo_cpg
KCNC4,gamo_cpg
STRIP1,gamo_cpg
Ahcyl1,gamo_cpg
AMPD2,gamo_cpg
ATXN7L2,gamo_cpg
CACNA1S,gamo_cpg
KIF21B,gamo_cpg
Elf3,gamo_cpg
ARL8A,gamo_cpg
PTPN7,gamo_cpg
Ptprv,gamo_cpg
Lgr6,gamo_cpg
KLHL12,gamo_cpg
KDM5B,gamo_cpg
Ipo9,gamo_cpg
LZTR1,gamo_cpg
Ppp1r12b,gamo_cpg
Igfn1,gamo_cpg
MYOG,gamo_cpg
DENND2D,gamo_cpg
Dram2,gamo_cpg
Adipor1,gamo_cpg
SARS,gamo_cpg
CELSR2,gamo_cpg
ZNF420,gamo_cpg
MRC2,gamo_cpg
Smarcd2,gamo_cpg
FTSJ3,gamo_cpg
PLEKHM1,gamo_cpg
Arhgap27,gamo_cpg
fam171a2,gamo_cpg
Gpatch8,gamo_cpg
Psmd11,gamo_cpg
MAP3K14,gamo_cpg
FMNL2,gamo_cpg
MYLK,gamo_cpg
Plcd3,gamo_cpg
dcakd,gamo_cpg
Gfap,gamo_cpg
Ccdc103,gamo_cpg
Adam11,gamo_cpg
DBF4B,gamo_cpg
NSF,gamo_cpg
WNT3,gamo_cpg
SDR39U1,gamo_cpg
ACR,gamo_cpg
Etv4,gamo_cpg
NBR1,gamo_cpg
RND2,gamo_cpg
VAT1,gamo_cpg
Dtx3l,gamo_cpg
BECN1,gamo_cpg
Wnk4,gamo_cpg
EZH1,gamo_cpg
MYO10,gamo_cpg
tubg1,gamo_cpg
RETREG3,gamo_cpg
ATP6V0A1,gamo_cpg
STAT3,gamo_cpg
STAT5B,gamo_cpg
PLCL2,gamo_cpg
Kcnh4,gamo_cpg
Znf385c,gamo_cpg
ACLY,gamo_cpg
NT5C3B,gamo_cpg
FKBP10,gamo_cpg
P3H4,gamo_cpg
TRAK1,gamo_cpg
KRT14,gamo_cpg
KRT19,gamo_cpg
Smarce1,gamo_cpg
Tns4,gamo_cpg
CDC6,gamo_cpg
NR1D1,gamo_cpg
MED24,gamo_cpg
LRRC3B,gamo_cpg
IKZF3,gamo_cpg
TANC2,gamo_cpg
CYB561,gamo_cpg
KCNH6,gamo_cpg
Limd2,gamo_cpg
RNF113A,gamo_cpg
STRADA,gamo_cpg
CDC27,gamo_cpg
KANSL1,gamo_cpg
MAPT,gamo_cpg
DAPK3,gamo_cpg
EEF2,gamo_cpg
PIAS4,gamo_cpg
ZBTB7A,gamo_cpg
SIRT6,gamo_cpg
ANKRD24,gamo_cpg
Fbn2,gamo_cpg
TIMM44,gamo_cpg
Hnrnpm,gamo_cpg
FSD1,gamo_cpg
CHAF1A,gamo_cpg
UBXN6,gamo_cpg
HDGFL2,gamo_cpg
DPP9,gamo_cpg
UHRF1,gamo_cpg
PTPRS,gamo_cpg
dus3l,gamo_cpg
Gdf15,gamo_cpg
ELL,gamo_cpg
TMEM59L,gamo_cpg
KLHL26,gamo_cpg
CRTC1,gamo_cpg
UPF1,gamo_cpg
ctdspl2-b,gamo_cpg
gamt-a,gamo_cpg
C19orf24,gamo_cpg
midn,gamo_cpg
STK11,gamo_cpg
SBNO2,gamo_cpg
ARHGAP45,gamo_cpg
Cnn2,gamo_cpg
ABCA1,gamo_cpg
TMEM259,gamo_cpg
Grin3b,gamo_cpg
WDR18,gamo_cpg
ARID3A,gamo_cpg
R3HDM4,gamo_cpg
med16,gamo_cpg
CFD,gamo_cpg
MISP,gamo_cpg
PALM,gamo_cpg
Polrmt,gamo_cpg
TPGS1,gamo_cpg
TLE2,gamo_cpg
SAFB,gamo_cpg
MED26,gamo_cpg
CPAMD8,gamo_cpg
MYO9B,gamo_cpg
USE1,gamo_cpg
INSR,gamo_cpg
ARHGEF18,gamo_cpg
ENC1,gamo_cpg
ARRDC2,gamo_cpg
mast3,gamo_cpg
Pik3r2,gamo_cpg
ifi30,gamo_cpg
RFX2,gamo_cpg
ACSBG2,gamo_cpg
ADAMTS10,gamo_cpg
MUC16,gamo_cpg
LINGO3,gamo_cpg
Prag1,gamo_cpg
SF3A2,gamo_cpg
DOT1L,gamo_cpg
Ap3d1,gamo_cpg
MOB3A,gamo_cpg
Mknk2,gamo_cpg
Csnk1g2,gamo_cpg
Atp8b3,gamo_cpg
ONECUT3,gamo_cpg
Tcf3,gamo_cpg
UNC13A,gamo_cpg
NFIC,gamo_cpg
ALP1,gamo_cpg
Hmg20b,gamo_cpg
TBXA2R,gamo_cpg
CACTIN,gamo_cpg
Pip5k1c,gamo_cpg
SLC1A7,gamo_cpg
PRAM1,gamo_cpg
Pole4,gamo_cpg
Kank3,gamo_cpg
ANGPTL4,gamo_cpg
Ras-related,gamo_cpg
CERS4,gamo_cpg
KLHL23,gamo_cpg
Tmprss9,gamo_cpg
SYCP1,gamo_cpg
CFAP61,gamo_cpg
RALGAPA2,gamo_cpg
KIZ,gamo_cpg
XRN2,gamo_cpg
Ctnna2,gamo_cpg
NPHP1,gamo_cpg
ASB3,gamo_cpg
PSME4,gamo_cpg
SPTBN1,gamo_cpg
EML6,gamo_cpg
MTIF2,gamo_cpg
CCDC88A,gamo_cpg
Cfap36,gamo_cpg
PNPT1,gamo_cpg
Ccdc85a,gamo_cpg
VRK2,gamo_cpg
FANCL,gamo_cpg
BCL11A,gamo_cpg
REL,gamo_cpg
FAT4,gamo_cpg
LRRN4,gamo_cpg
BMP2,gamo_cpg
HAO1,gamo_cpg
PLCB1,gamo_cpg
PLCB4,gamo_cpg
LAMP5,gamo_cpg
Pak5,gamo_cpg
BDH1,gamo_cpg
JAG1,gamo_cpg
SPTLC3,gamo_cpg
TASP1,gamo_cpg
SRF,gamo_cpg
PTK7,gamo_cpg
KLC4,gamo_cpg
Pacs1,gamo_cpg
PPP2R5D,gamo_cpg
VSX1,gamo_cpg
ACSS1,gamo_cpg
Togaram2,gamo_cpg
DHX57,gamo_cpg
Ninl,gamo_cpg
MAL,gamo_cpg
MCM8,gamo_cpg
MDH1,gamo_cpg
VPS54,gamo_cpg
SLC1A4,gamo_cpg
Cnrip1,gamo_cpg
Pcsk2,gamo_cpg
SNRPB2,gamo_cpg
CST7,gamo_cpg
DSTN,gamo_cpg
Rrbp1,gamo_cpg
SEC23A,gamo_cpg
GTF2A1L,gamo_cpg
MSH6,gamo_cpg
TRMT61B,gamo_cpg
Pcare,gamo_cpg
Lbh,gamo_cpg
Capn13,gamo_cpg
GALNT14,gamo_cpg
Coq8a,gamo_cpg
PARP1,gamo_cpg
LIN9,gamo_cpg
ACBD3,gamo_cpg
NVL,gamo_cpg
FBXO28,gamo_cpg
TP53BP2,gamo_cpg
CAPN2,gamo_cpg
CAPN8,gamo_cpg
brox,gamo_cpg
IARS2,gamo_cpg
USH2A,gamo_cpg
PTPN14,gamo_cpg
SMYD2,gamo_cpg
RPS6KC1,gamo_cpg
VASH2,gamo_cpg
FLVCR1,gamo_cpg
NENF,gamo_cpg
INTS7,gamo_cpg
KCNH1,gamo_cpg
DIEXF,gamo_cpg
UBR2,gamo_cpg
TBCC,gamo_cpg
DYNC2LI1,gamo_cpg
Abcg8,gamo_cpg
Slc3a1,gamo_cpg
PREPL,gamo_cpg
Srbd1,gamo_cpg
PLB1,gamo_cpg
RBKS,gamo_cpg
MRPL33,gamo_cpg
Supt7l,gamo_cpg
Mocs1,gamo_cpg
DAAM2,gamo_cpg
Dnah8,gamo_cpg
MDGA1,gamo_cpg
AARS2,gamo_cpg
Nfkbie,gamo_cpg
SPTBN5,gamo_cpg
MRPL14,gamo_cpg
PLD5,gamo_cpg
AHCTF1,gamo_cpg
SPAST,gamo_cpg
PRKD3,gamo_cpg
HEATR5B,gamo_cpg
EIF2AK2,gamo_cpg
Cyp1b1,gamo_cpg
BIRC6,gamo_cpg
LTBP1,gamo_cpg
ABCC10,gamo_cpg
DLK2,gamo_cpg
POLH,gamo_cpg
AGPAT4,gamo_cpg
Rnaset2b,gamo_cpg
Afdn,gamo_cpg
KIF25,gamo_cpg
FRMD6,gamo_cpg
THBS2,gamo_cpg
DLL1,gamo_cpg
TTC13,gamo_cpg
COG2,gamo_cpg
PGBD5,gamo_cpg
URB2,gamo_cpg
TAF5L,gamo_cpg
SPRTN,gamo_cpg
PCNX2,gamo_cpg
SLC35F3,gamo_cpg
Rbm34,gamo_cpg
ARID4B,gamo_cpg
TBCE,gamo_cpg
LYST,gamo_cpg
MTR,gamo_cpg
CHRM3,gamo_cpg
PPIL4,gamo_cpg
Tab2,gamo_cpg
ADGB,gamo_cpg
UTRN,gamo_cpg
BCLAF1,gamo_cpg
MAP3K5,gamo_cpg
PERP,gamo_cpg
Nhsl1,gamo_cpg
HIVEP2,gamo_cpg
PHACTR2,gamo_cpg
TAGAP,gamo_cpg
EZR,gamo_cpg
NOX3,gamo_cpg
TIAM2,gamo_cpg
SCAF8,gamo_cpg
SYNE1,gamo_cpg
ZBTB2,gamo_cpg
MTHFD1L,gamo_cpg
PLEKHG1,gamo_cpg
IYD,gamo_cpg
LRP11,gamo_cpg
LATS1,gamo_cpg
KATNA1,gamo_cpg
Pnldc1,gamo_cpg
SLC22A2,gamo_cpg
AHI1,gamo_cpg
EYA4,gamo_cpg
SLC18B1,gamo_cpg
VNN1,gamo_cpg
MOXD1,gamo_cpg
CTGF,gamo_cpg
ENPP3,gamo_cpg
L3MBTL3,gamo_cpg
Leg1,gamo_cpg
RNF146,gamo_cpg
NCOA7,gamo_cpg
MAN1A1,gamo_cpg
FAM184A,gamo_cpg
MCM9,gamo_cpg
ASF1,gamo_cpg
GOPC,gamo_cpg
ROS1,gamo_cpg
COL10A1,gamo_cpg
HS3ST5,gamo_cpg
LAMA4,gamo_cpg
FYN,gamo_cpg
Gpr6,gamo_cpg
ZBTB24,gamo_cpg
Cd164,gamo_cpg
SESN1,gamo_cpg
SCML4,gamo_cpg
ATG5,gamo_cpg
USP45,gamo_cpg
MMS22L,gamo_cpg
MDN1,gamo_cpg
Pm20d2,gamo_cpg
BORCS6,gamo_cpg
Cfap206,gamo_cpg
ZNF292,gamo_cpg
LRRC37A3,gamo_cpg
NT5E,gamo_cpg
DOP1A,gamo_cpg
IRAK1BP1,gamo_cpg
MYO6,gamo_cpg
SENP6,gamo_cpg
CD109,gamo_cpg
BAG2,gamo_cpg
DST,gamo_cpg
GFRAL,gamo_cpg
tdrp,gamo_cpg
TMEM18,gamo_cpg
MYT1L,gamo_cpg
Trappc12,gamo_cpg
Rps7,gamo_cpg
ITGB1BP1,gamo_cpg
CPSF3,gamo_cpg
ADAM17,gamo_cpg
ywhaq,gamo_cpg
TAF1B,gamo_cpg
RRM2,gamo_cpg
Atp6v1c2,gamo_cpg
PDIA6,gamo_cpg
ROCK2,gamo_cpg
Lpin1,gamo_cpg
TRIB2,gamo_cpg
NBAS,gamo_cpg
ZP2,gamo_cpg
Wdr35,gamo_cpg
MATN3,gamo_cpg
PUM2,gamo_cpg
UBXN2A,gamo_cpg
ITSN2,gamo_cpg
EVA1A,gamo_cpg
ADGRF5,gamo_cpg
ENPP4,gamo_cpg
Runx2,gamo_cpg
Opn5,gamo_cpg
RHAG,gamo_cpg
TFAP2D,gamo_cpg
TRAM2,gamo_cpg
GAL5,gamo_cpg
CTSB,gamo_cpg
Blk,gamo_cpg
MTMR9,gamo_cpg
PINX1,gamo_cpg
KIF13B,gamo_cpg
INTS9,gamo_cpg
MINDY1,gamo_cpg
ARNT,gamo_cpg
PRPF3,gamo_cpg
CA14,gamo_cpg
VPS45,gamo_cpg
OTUD7B,gamo_cpg
ITGA10,gamo_cpg
RNF115,gamo_cpg
TBRG4,gamo_cpg
RASSF6,gamo_cpg
CXCL8,gamo_cpg
MTHFD2L,gamo_cpg
Ereg,gamo_cpg
AREG,gamo_cpg
Uso1,gamo_cpg
G3BP2,gamo_cpg
ANKRD17,gamo_cpg
Cox18,gamo_cpg
DCK,gamo_cpg
GRSF1,gamo_cpg
RUFY3,gamo_cpg
Jchain,gamo_cpg
PPEF2,gamo_cpg
STBD1,gamo_cpg
SHROOM3,gamo_cpg
SOWAHB,gamo_cpg
11-Sep,gamo_cpg
CCNI,gamo_cpg
CNOT6L,gamo_cpg
Fras1,gamo_cpg
PPP2CA,gamo_cpg
Wrn,gamo_cpg
CDKL2,gamo_cpg
ALPK1,gamo_cpg
ANK2,gamo_cpg
CAMK2D,gamo_cpg
UGT8,gamo_cpg
PRSS12,gamo_cpg
METTL14,gamo_cpg
MYOZ2,gamo_cpg
EXOSC9,gamo_cpg
CCNA2,gamo_cpg
TRPC3,gamo_cpg
KIAA1109,gamo_cpg
INTU,gamo_cpg
SCLT1,gamo_cpg
ELF2,gamo_cpg
RAB33B,gamo_cpg
TBC1D9,gamo_cpg
RNF4,gamo_cpg
ABRAXAS1,gamo_cpg
Cds1,gamo_cpg
LRBA,gamo_cpg
NR3C2,gamo_cpg
ARHGAP10,gamo_cpg
AFF1,gamo_cpg
PTPN13,gamo_cpg
MAPK10,gamo_cpg
LIN54,gamo_cpg
THAP9,gamo_cpg
SEC31A,gamo_cpg
Noa1,gamo_cpg
HERC5,gamo_cpg
GPRIN3,gamo_cpg
MMRN1,gamo_cpg
Grid2,gamo_cpg
SMARCAD1,gamo_cpg
OPN4,gamo_cpg
BMPR1B,gamo_cpg
Alcohol,gamo_cpg
ADH1,gamo_cpg
DNAJB14,gamo_cpg
NFKB1,gamo_cpg
CYP2U1,gamo_cpg
EGF,gamo_cpg
Otof,gamo_cpg
SLC20A2,gamo_cpg
SH2D4A,gamo_cpg
UBA6,gamo_cpg
CENPC,gamo_cpg
REST,gamo_cpg
Thegl,gamo_cpg
HOPX,gamo_cpg
Eri1,gamo_cpg
Lrp4,gamo_cpg
FBXW7,gamo_cpg
TRIM2,gamo_cpg
pro,gamo_cpg
TLL1,gamo_cpg
PALLD,gamo_cpg
HPGD,gamo_cpg
AGA,gamo_cpg
IRF2,gamo_cpg
PDLIM3,gamo_cpg
FAT1,gamo_cpg
MTUS1,gamo_cpg
SLC7A2,gamo_cpg
AIRC,gamo_cpg
ZSCAN29,gamo_cpg
EXOC1L,gamo_cpg
CLOCK,gamo_cpg
KDR,gamo_cpg
KIT,gamo_cpg
LNX1,gamo_cpg
SCFD2,gamo_cpg
SPATA18,gamo_cpg
DCUN1D4,gamo_cpg
CWH43,gamo_cpg
FRYL,gamo_cpg
COMMD8,gamo_cpg
N4BP2,gamo_cpg
KLB,gamo_cpg
RFC1,gamo_cpg
Wdr19,gamo_cpg
Fam114a1,gamo_cpg
TLR1,gamo_cpg
TBC1D1,gamo_cpg
PCDH7,gamo_cpg
rbpj,gamo_cpg
SMIM20,gamo_cpg
Slc34a2,gamo_cpg
CPEB2,gamo_cpg
LYAR,gamo_cpg
ZBTB49,gamo_cpg
AFAP1,gamo_cpg
ABLIM2,gamo_cpg
HTRA3,gamo_cpg
HMX1,gamo_cpg
Lrpap1,gamo_cpg
HTT,gamo_cpg
MFSD10,gamo_cpg
ADD1,gamo_cpg
NELFA,gamo_cpg
FGFR3,gamo_cpg
TMEM129,gamo_cpg
KDM3A,gamo_cpg
RNF103,gamo_cpg
Rmnd5a,gamo_cpg
Cd8a,gamo_cpg
THNSL2,gamo_cpg
Hrh2,gamo_cpg
RPIA,gamo_cpg
SUCLG1,gamo_cpg
LRRTM1,gamo_cpg
SMOX,gamo_cpg
PTPRA,gamo_cpg
Vasotocin-neurophysin,gamo_cpg
FASTKD5,gamo_cpg
LZTS3,gamo_cpg
DDRGK1,gamo_cpg
htr7,gamo_cpg
SLC4A11,gamo_cpg
Oga,gamo_cpg
loxl3b,gamo_cpg
HTRA2,gamo_cpg
Dock5,gamo_cpg
Bmp2k,gamo_cpg
DCTN1,gamo_cpg
CD40LG,gamo_cpg
ARHGEF6,gamo_cpg
F9,gamo_cpg
MCF2,gamo_cpg
ATP11C,gamo_cpg
NOX1,gamo_cpg
CSTF2,gamo_cpg
SYTL4,gamo_cpg
SRPX2,gamo_cpg
Tspan6,gamo_cpg
TNMD,gamo_cpg
Pcdh19,gamo_cpg
DIAPH3,gamo_cpg
PCDH9,gamo_cpg
KLHL4,gamo_cpg
CHML,gamo_cpg
APOOL,gamo_cpg
KIF4,gamo_cpg
Rab6b,gamo_cpg
inppl1b,gamo_cpg
yipf6,gamo_cpg
OPHN1,gamo_cpg
AR,gamo_cpg
HSF3,gamo_cpg
LAS1L,gamo_cpg
Fhl1,gamo_cpg
SLC9A6,gamo_cpg
FRMD7,gamo_cpg
WDR44,gamo_cpg
DOCK11,gamo_cpg
Il1rapl2,gamo_cpg
COMMD5,gamo_cpg
PGRMC1,gamo_cpg
Akap17b,gamo_cpg
NKRF,gamo_cpg
Sowahd,gamo_cpg
TMEM255A,gamo_cpg
TENM1,gamo_cpg
Smarca1,gamo_cpg
VBP1,gamo_cpg
irs2-b,gamo_cpg
AMMECR1,gamo_cpg
Pak3,gamo_cpg
MTMR1,gamo_cpg
IDS,gamo_cpg
AFF3,gamo_cpg
IL13RA2,gamo_cpg
DLG1,gamo_cpg
Dlg3,gamo_cpg
Foxo4,gamo_cpg
Sesn3,gamo_cpg
IL2RG,gamo_cpg
MED12,gamo_cpg
Nlgn3,gamo_cpg
Gjb1,gamo_cpg
ZMYM3,gamo_cpg
TAF1,gamo_cpg
OGT,gamo_cpg
MTCP1,gamo_cpg
F8,gamo_cpg
MPP1,gamo_cpg
DKC1,gamo_cpg
TRMT2B,gamo_cpg
CENPI,gamo_cpg
DRP2,gamo_cpg
BTK,gamo_cpg
GLA,gamo_cpg
Glra4,gamo_cpg
FRMPD3,gamo_cpg
Cnga2,gamo_cpg
GABRA3,gamo_cpg
ALG13,gamo_cpg
AMOT,gamo_cpg
ABCB7,gamo_cpg
NEXMIF,gamo_cpg
SLC16A2,gamo_cpg
WASF3,gamo_cpg
Fip1l1,gamo_cpg
Cdx4,gamo_cpg
kdrl,gamo_cpg
amer1,gamo_cpg
Yrdc,gamo_cpg
Znf185,gamo_cpg
SLAIN,gamo_cpg
CLCN5,gamo_cpg
Arhgap6,gamo_cpg
ENOX2,gamo_cpg
AIFM1,gamo_cpg
Bcorl1,gamo_cpg
UTP14A,gamo_cpg
Xpnpep2,gamo_cpg
OCRL,gamo_cpg
Nhsl2,gamo_cpg
MID2,gamo_cpg
FAAH2,gamo_cpg
CLIC2,gamo_cpg
DGKD,gamo_cpg
SHROOM4,gamo_cpg
PHKA1,gamo_cpg
HDAC8,gamo_cpg
TMEM263,gamo_cpg
CRY2,gamo_cpg
CREB3L1,gamo_cpg
DGKZ,gamo_cpg
HARBI1,gamo_cpg
Arhgap1,gamo_cpg
F2,gamo_cpg
CKAP5,gamo_cpg
ARFGAP2,gamo_cpg
DDB2,gamo_cpg
acp2,gamo_cpg
NR1H3,gamo_cpg
RAPSN,gamo_cpg
PRDM11,gamo_cpg
Trp53i11,gamo_cpg
ALX4,gamo_cpg
TTC17,gamo_cpg
PRR5L,gamo_cpg
LDLRAD3,gamo_cpg
FJX1,gamo_cpg
Pamr1,gamo_cpg
EHF,gamo_cpg
CPT1A,gamo_cpg
LRP5,gamo_cpg
Usp6nl,gamo_cpg
HRAS,gamo_cpg
Slc25a22,gamo_cpg
PIDD1,gamo_cpg
CD151,gamo_cpg
Ap2a2,gamo_cpg
MUC6,gamo_cpg
MUC2,gamo_cpg
Mob2,gamo_cpg
DUSP8,gamo_cpg
Ifitm10,gamo_cpg
CTSD,gamo_cpg
SYT1,gamo_cpg
TNNT3,gamo_cpg
IGF2,gamo_cpg
TH,gamo_cpg
CD81,gamo_cpg
TRPM5,gamo_cpg
OSBPL5,gamo_cpg
PTPRJ,gamo_cpg
Spint1,gamo_cpg
ALK,gamo_cpg
RPAP1,gamo_cpg
MGA,gamo_cpg
mapkbp1,gamo_cpg
ACOT1,gamo_cpg
Pla2g4b,gamo_cpg
GANC,gamo_cpg
STARD9,gamo_cpg
TTBK2,gamo_cpg
TMEM62,gamo_cpg
ACOT2,gamo_cpg
RIOX1,gamo_cpg
PAPLN,gamo_cpg
Rbm25,gamo_cpg
DPF3,gamo_cpg
Map3k9,gamo_cpg
Ttc9,gamo_cpg
ADAM20,gamo_cpg
SMOC1,gamo_cpg
CCDC177,gamo_cpg
PLEKHD1,gamo_cpg
Galnt16,gamo_cpg
DCAF5,gamo_cpg
ACTN1,gamo_cpg
Srsf5,gamo_cpg
ZFYVE26,gamo_cpg
SCG5,gamo_cpg
Fam98b,gamo_cpg
COCH,gamo_cpg
HECTD1,gamo_cpg
Psma6,gamo_cpg
RALGAPA1,gamo_cpg
PAX9,gamo_cpg
SLC25A21,gamo_cpg
TRAPPC6B,gamo_cpg
PNN,gamo_cpg
MIA2,gamo_cpg
ZNF410,gamo_cpg
VRTN,gamo_cpg
LTBP2,gamo_cpg
Prox1,gamo_cpg
ZC2HC1C,gamo_cpg
NEK9,gamo_cpg
Tmed10,gamo_cpg
Flvcr2,gamo_cpg
Ttll5,gamo_cpg
ANGEL1,gamo_cpg
CIPC,gamo_cpg
Zdhhc22,gamo_cpg
TMEM63C,gamo_cpg
VIPAS39,gamo_cpg
ALKBH1,gamo_cpg
Neurexin-3,gamo_cpg
TSHR,gamo_cpg
STON2,gamo_cpg
SEL1L,gamo_cpg
galc,gamo_cpg
TDP1,gamo_cpg
Ppp4r3a,gamo_cpg
RIN3,gamo_cpg
UBR7,gamo_cpg
Asb2,gamo_cpg
SYNE3,gamo_cpg
PKDCC,gamo_cpg
Dync1h1,gamo_cpg
HSP90AA1,gamo_cpg
RCOR1,gamo_cpg
AMN,gamo_cpg
CDC42BPB,gamo_cpg
Mark3,gamo_cpg
CKB,gamo_cpg
XRCC3,gamo_cpg
ZFYVE21,gamo_cpg
INF2,gamo_cpg
Mthfd1,gamo_cpg
ESR2,gamo_cpg
SYNE2,gamo_cpg
KCNH5,gamo_cpg
SNAPC1,gamo_cpg
PRKCH,gamo_cpg
PCNX4,gamo_cpg
RTN1,gamo_cpg
JKAMP,gamo_cpg
L3HYPDH,gamo_cpg
KCNK16,gamo_cpg
SLC35F4,gamo_cpg
CCDC198,gamo_cpg
EXOC5,gamo_cpg
KTN1,gamo_cpg
DLGAP5,gamo_cpg
SOCS4,gamo_cpg
CGRRF1,gamo_cpg
Psmc6,gamo_cpg
ERO1A,gamo_cpg
GPR137C,gamo_cpg
Trim9,gamo_cpg
Pygl,gamo_cpg
NIN,gamo_cpg
ATL1,gamo_cpg
cdkl1,gamo_cpg
L2HGDH,gamo_cpg
SOS2,gamo_cpg
Nemf,gamo_cpg
POLE2,gamo_cpg
DNAAF2,gamo_cpg
LRR1,gamo_cpg
SMARCA4,gamo_cpg
Mis18bp1,gamo_cpg
FANCM,gamo_cpg
PRPF39,gamo_cpg
CFAP46,gamo_cpg
INPP5A,gamo_cpg
STK32C,gamo_cpg
Dpysl4,gamo_cpg
Jakmip3,gamo_cpg
coe3,gamo_cpg
MKI67,gamo_cpg
PTPRE,gamo_cpg
Clrn3,gamo_cpg
INSYN2,gamo_cpg
ADAM12,gamo_cpg
DHX32,gamo_cpg
UROS,gamo_cpg
TEX36,gamo_cpg
CTBP2,gamo_cpg
Eef1akmt2,gamo_cpg
Oat,gamo_cpg
CHST15,gamo_cpg
GPR26,gamo_cpg
HMX3,gamo_cpg
IKZF5,gamo_cpg
DMBT1,gamo_cpg
TACC2,gamo_cpg
PLPP4,gamo_cpg
MCMBP,gamo_cpg
PRDX3,gamo_cpg
EIF3A,gamo_cpg
CACUL1,gamo_cpg
PDZD8,gamo_cpg
SHTN1,gamo_cpg
ENO4,gamo_cpg
HSPA12A,gamo_cpg
ABLIM1,gamo_cpg
vwa2,gamo_cpg
ADRB1,gamo_cpg
DCLRE1A,gamo_cpg
TECTB,gamo_cpg
RBM20,gamo_cpg
Sorcs1,gamo_cpg
COL17A1,gamo_cpg
STN1,gamo_cpg
TAF5,gamo_cpg
PCGF6,gamo_cpg
Ina,gamo_cpg
AS3MT,gamo_cpg
CYP17A1,gamo_cpg
MFSD13A,gamo_cpg
SEMA4G,gamo_cpg
TWNK,gamo_cpg
lzts2,gamo_cpg
PDZD7,gamo_cpg
TLX1,gamo_cpg
Kcnip2,gamo_cpg
Hps6,gamo_cpg
prom1a,gamo_cpg
SLIT1,gamo_cpg
MMS19,gamo_cpg
Ankrd2,gamo_cpg
HOGA1,gamo_cpg
CRTAC1,gamo_cpg
R3hcc1l,gamo_cpg
PYROXD2,gamo_cpg
HPS1,gamo_cpg
ENTPD7,gamo_cpg
COX15,gamo_cpg
ABCC2,gamo_cpg
ENTPD1,gamo_cpg
vent1,gamo_cpg
CYP26A1,gamo_cpg
PDE6C,gamo_cpg
ch25h,gamo_cpg
TMEM72,gamo_cpg
Drgx,gamo_cpg
WDFY4,gamo_cpg
Arhgap22,gamo_cpg
MAPK8,gamo_cpg
RBP3,gamo_cpg
ZNF488,gamo_cpg
ANXA8,gamo_cpg
WASHC2C,gamo_cpg
8-Mar,gamo_cpg
ALOX5,gamo_cpg
PKD2L1,gamo_cpg
Acyl-CoA,gamo_cpg
cuedc2-a,gamo_cpg
fbxl15,gamo_cpg
Psd,gamo_cpg
GBF1,gamo_cpg
TM9SF3,gamo_cpg
TLL2,gamo_cpg
PDLIM1,gamo_cpg
Sorbs1,gamo_cpg
ANXA7,gamo_cpg
FUT11,gamo_cpg
Zswim8,gamo_cpg
DUSP13,gamo_cpg
Comtd1,gamo_cpg
RET,gamo_cpg
rasgef1a,gamo_cpg
RAP1GDS1,gamo_cpg
NRG3,gamo_cpg
CDHR1,gamo_cpg
slc18a3a,gamo_cpg
Sncg,gamo_cpg
MMRN2,gamo_cpg
ANK3,gamo_cpg
ARID5B,gamo_cpg
PTEN,gamo_cpg
LIPK,gamo_cpg
Adam8,gamo_cpg
Erlin1,gamo_cpg
CHUK,gamo_cpg
ADAMTS14,gamo_cpg
Dnajb12,gamo_cpg
micu1,gamo_cpg
OIT3,gamo_cpg
PLA2G12B,gamo_cpg
KLRB1,gamo_cpg
unc5b-b,gamo_cpg
Cdh23,gamo_cpg
VSIR,gamo_cpg
PSAP,gamo_cpg
CHST3,gamo_cpg
Col13a1,gamo_cpg
HK1,gamo_cpg
Hkdc1,gamo_cpg
SUPV3L1,gamo_cpg
Srgn,gamo_cpg
DDX21,gamo_cpg
CCAR1,gamo_cpg
TET1,gamo_cpg
CTNNA3,gamo_cpg
Txnl1,gamo_cpg
WDR7,gamo_cpg
ST8SIA3,gamo_cpg
ONECUT2,gamo_cpg
FECH,gamo_cpg
Sh3bp4,gamo_cpg
7-Mar,gamo_cpg
WDSUB1,gamo_cpg
Tanc1,gamo_cpg
PKP4,gamo_cpg
CCDC148,gamo_cpg
ACVR1,gamo_cpg
ACVR1C,gamo_cpg
Cytip,gamo_cpg
GALNT5,gamo_cpg
GPD2,gamo_cpg
CACNB4,gamo_cpg
NEB,gamo_cpg
RIF1,gamo_cpg
MBD5,gamo_cpg
ORC4,gamo_cpg
ACVR2A,gamo_cpg
Thsd7b,gamo_cpg
R3HDM1,gamo_cpg
ZRANB3,gamo_cpg
MGAT5,gamo_cpg
ACTR3,gamo_cpg
MARCO,gamo_cpg
ESYT3,gamo_cpg
PARP14,gamo_cpg
gpd1l,gamo_cpg
Osbpl11,gamo_cpg
TGFBR2,gamo_cpg
slc12a8,gamo_cpg
KALRN,gamo_cpg
Adcy5,gamo_cpg
Dirc2,gamo_cpg
HSPBAP1,gamo_cpg
TSN,gamo_cpg
CLASP1,gamo_cpg
TFCP2L1,gamo_cpg
GLI2,gamo_cpg
EPB41L5,gamo_cpg
Xrcc5,gamo_cpg
smarcal1,gamo_cpg
IGFBP2,gamo_cpg
IGFBP5,gamo_cpg
TNS,gamo_cpg
RUFY4,gamo_cpg
ARPC2,gamo_cpg
TMBIM1,gamo_cpg
PNKD,gamo_cpg
Cnot9,gamo_cpg
ZNF142,gamo_cpg
Ttll4,gamo_cpg
Wnt6,gamo_cpg
CDK5R2,gamo_cpg
CRYBA2,gamo_cpg
NHEJ1,gamo_cpg
CNPPD1,gamo_cpg
ANKZF1,gamo_cpg
PTPRN,gamo_cpg
DNPEP,gamo_cpg
Chpf,gamo_cpg
OBSL1,gamo_cpg
STK11IP,gamo_cpg
SLC4A3,gamo_cpg
LY75,gamo_cpg
PLA2R1,gamo_cpg
Tbr1,gamo_cpg
DPP4,gamo_cpg
KCNH7,gamo_cpg
COBLL1,gamo_cpg
SCN2A,gamo_cpg
ABCB11,gamo_cpg
CCDC173,gamo_cpg
Ubr3,gamo_cpg
GAD1,gamo_cpg
CDCA7,gamo_cpg
CHRNA1,gamo_cpg
Chn1,gamo_cpg
hoxd3,gamo_cpg
Heterogeneous,gamo_cpg
Osbpl6,gamo_cpg
FKBP7,gamo_cpg
Ttn,gamo_cpg
CCDC141,gamo_cpg
ZNF385B,gamo_cpg
Ube2e3,gamo_cpg
IDH1,gamo_cpg
NBEAL1,gamo_cpg
CYP20A1,gamo_cpg
Nrp2,gamo_cpg
INO80D,gamo_cpg
NOP58,gamo_cpg
MPP4,gamo_cpg
TRAK2,gamo_cpg
Casp8,gamo_cpg
NIF3L1,gamo_cpg
KCTD18,gamo_cpg
TYW5,gamo_cpg
PLCL1,gamo_cpg
Hspe1,gamo_cpg
COQ10B,gamo_cpg
SF3B1,gamo_cpg
ANKRD44,gamo_cpg
PGAP1,gamo_cpg
CAVIN2,gamo_cpg
TSSK6,gamo_cpg
STAT4,gamo_cpg
GLS,gamo_cpg
NAB1,gamo_cpg
NEMP2,gamo_cpg
MFSD6,gamo_cpg
ZNF804A,gamo_cpg
Adarb1,gamo_cpg
PCNT,gamo_cpg
DIP2A,gamo_cpg
UNC80,gamo_cpg
KANSL1L,gamo_cpg
LANCL1,gamo_cpg
CPS1,gamo_cpg
SPAG16,gamo_cpg
BARD1,gamo_cpg
ABCA12,gamo_cpg
ATIC,gamo_cpg
IFNL3,gamo_cpg
LRRFIP1,gamo_cpg
MLPH,gamo_cpg
COL6A3,gamo_cpg
IQCA1,gamo_cpg
ASB18,gamo_cpg
UGT1A5,gamo_cpg
TRAF3IP1,gamo_cpg
ASB1,gamo_cpg
HDAC4,gamo_cpg
NDUFA10,gamo_cpg
COL18A1,gamo_cpg
SLC19A1,gamo_cpg
COL6A1,gamo_cpg
FTCD,gamo_cpg
ATRN,gamo_cpg
GFRA4,gamo_cpg
CACYBP,gamo_cpg
PAPPA2,gamo_cpg
ASTN1,gamo_cpg
SEC16B,gamo_cpg
RASAL2,gamo_cpg
FAM20B,gamo_cpg
TOR3A,gamo_cpg
TDRD5,gamo_cpg
CEP350,gamo_cpg
QSOX1,gamo_cpg
ACBD6,gamo_cpg
XPR1,gamo_cpg
KIAA1614,gamo_cpg
STX6,gamo_cpg
CACNA1E,gamo_cpg
ZNF92,gamo_cpg
RGSL1,gamo_cpg
ALDH9A1,gamo_cpg
MGST3,gamo_cpg
SELE,gamo_cpg
TTLL7,gamo_cpg
SAMD13,gamo_cpg
RPF1,gamo_cpg
Spata1,gamo_cpg
VTG2,gamo_cpg
MCOLN2,gamo_cpg
CYR61,gamo_cpg
SH3GLB1,gamo_cpg
SELENOF,gamo_cpg
Barhl2,gamo_cpg
TGFBR3,gamo_cpg
BRDT,gamo_cpg
C1orf146,gamo_cpg
BCAR3,gamo_cpg
ABCA4,gamo_cpg
F3,gamo_cpg
SLC44A3,gamo_cpg
CNN3,gamo_cpg
tmem56-b,gamo_cpg
PALMD,gamo_cpg
FRRS1,gamo_cpg
Mfsd14a,gamo_cpg
SASS6,gamo_cpg
DPH5,gamo_cpg
Pancreatic,gamo_cpg
STXBP3,gamo_cpg
NR5A2,gamo_cpg
CRB1,gamo_cpg
ASPM,gamo_cpg
DHX9,gamo_cpg
LAMC1,gamo_cpg
LAMC2,gamo_cpg
NMNAT2,gamo_cpg
SMG7,gamo_cpg
NCF2,gamo_cpg
TRMT1L,gamo_cpg
SWT1,gamo_cpg
Ivns1abp,gamo_cpg
Hmcn1,gamo_cpg
TPR,gamo_cpg
BRINP3,gamo_cpg
RGS2,gamo_cpg
Rgs1,gamo_cpg
RGS4,gamo_cpg
RGS5,gamo_cpg
HTATIP2,gamo_cpg
OLFML2B,gamo_cpg
Uhmk1,gamo_cpg
NOS1AP,gamo_cpg
Tedc1,gamo_cpg
MTA1,gamo_cpg
PACS2,gamo_cpg
SEC22B,gamo_cpg
NOTCH2,gamo_cpg
PDE4DIP,gamo_cpg
PLPP6,gamo_cpg
Fam78b,gamo_cpg
TNFSF4,gamo_cpg
SUCO,gamo_cpg
Pigc,gamo_cpg
Prrc2c,gamo_cpg
Gorab,gamo_cpg
ADGRL2,gamo_cpg
VTG1,gamo_cpg
AK5,gamo_cpg
Ebna1bp2,gamo_cpg
CDC20,gamo_cpg
Elovl1,gamo_cpg
MED8,gamo_cpg
SZT2,gamo_cpg
HYI,gamo_cpg
PTPRF,gamo_cpg
IPO13,gamo_cpg
DPH2,gamo_cpg
Slc6a9,gamo_cpg
Dmap1,gamo_cpg
KIF2C,gamo_cpg
PLK3,gamo_cpg
ptch1,gamo_cpg
Hectd3,gamo_cpg
MUTYH,gamo_cpg
Nasp,gamo_cpg
CCDC17,gamo_cpg
tmem69,gamo_cpg
Riboflavin-binding,gamo_cpg
LURAP1,gamo_cpg
RAD54L,gamo_cpg
LRRC41,gamo_cpg
NSUN4,gamo_cpg
FAAH,gamo_cpg
MOB3C,gamo_cpg
Cyp4b1,gamo_cpg
TAL1,gamo_cpg
STIL,gamo_cpg
CMPK,gamo_cpg
SLC5A9,gamo_cpg
elavl4,gamo_cpg
Ttc39a,gamo_cpg
EPS15,gamo_cpg
Nrdc,gamo_cpg
ZFYVE9,gamo_cpg
Cc2d1b,gamo_cpg
ZYG11B,gamo_cpg
CPT2,gamo_cpg
C1orf123,gamo_cpg
LRP8,gamo_cpg
GLIS1,gamo_cpg
DIO1,gamo_cpg
TCEANC2,gamo_cpg
tmem205,gamo_cpg
Bsnd,gamo_cpg
PCSK9,gamo_cpg
USP24,gamo_cpg
Plpp3,gamo_cpg
FYB2,gamo_cpg
C8A,gamo_cpg
C8B,gamo_cpg
MYSM1,gamo_cpg
HOOK1,gamo_cpg
CYP2J2,gamo_cpg
NFIA,gamo_cpg
KANK4,gamo_cpg
DOCK7,gamo_cpg
ATG4C,gamo_cpg
FOXD3,gamo_cpg
ALG6,gamo_cpg
CENPR,gamo_cpg
PGM1,gamo_cpg
ROR1,gamo_cpg
CACHD1,gamo_cpg
Dnajc6,gamo_cpg
DEPDC1,gamo_cpg
LRRC7,gamo_cpg
ZRANB2,gamo_cpg
FPGT,gamo_cpg
TNNI3K,gamo_cpg
ERICH3,gamo_cpg
Tyw3,gamo_cpg
PIK3CB,gamo_cpg
CAB39,gamo_cpg
Gpr55,gamo_cpg
Pinopsin,gamo_cpg
ST6GAL1,gamo_cpg
GPC1,gamo_cpg
Cldn15,gamo_cpg
YEATS2,gamo_cpg
KLHL24,gamo_cpg
KLHL6,gamo_cpg
ARHGEF4,gamo_cpg
FAM168B,gamo_cpg
KLHL30,gamo_cpg
AGXT,gamo_cpg
Sned1,gamo_cpg
PASK,gamo_cpg
HDLBP,gamo_cpg
Farp2,gamo_cpg
Stk25,gamo_cpg
Etv5,gamo_cpg
Lrrc3,gamo_cpg
TRPM2,gamo_cpg
ATG4B,gamo_cpg
GAL3ST2,gamo_cpg
Slco2a1,gamo_cpg
IGF2BP2,gamo_cpg
Tra2b,gamo_cpg
TBCCD1,gamo_cpg
EPHB1,gamo_cpg
CEP63,gamo_cpg
Vps8,gamo_cpg
ARMC8,gamo_cpg
DBR1,gamo_cpg
PPP2R3A,gamo_cpg
MSL2,gamo_cpg
PCCB,gamo_cpg
STAG1,gamo_cpg
SLC35G2,gamo_cpg
EFHD1,gamo_cpg
NGEF,gamo_cpg
INPP5D,gamo_cpg
ATG16L1,gamo_cpg
mogat1,gamo_cpg
FAM124B,gamo_cpg
DOCK10,gamo_cpg
RHBDD1,gamo_cpg
Dner,gamo_cpg
TFDP2,gamo_cpg
ATR,gamo_cpg
TRPC1,gamo_cpg
U2SURP,gamo_cpg
PLSCR5,gamo_cpg
MELTF,gamo_cpg
ACAP2,gamo_cpg
XXYLT1,gamo_cpg
Lrrc15,gamo_cpg
UTS2B,gamo_cpg
IL1RAP,gamo_cpg
TMEM207,gamo_cpg
CLDN16,gamo_cpg
Tp63,gamo_cpg
BCL6,gamo_cpg
SST,gamo_cpg
MASP1,gamo_cpg
Pcyt1a,gamo_cpg
TFRC,gamo_cpg
MUC4,gamo_cpg
PHR,gamo_cpg
RUBCN,gamo_cpg
LRCH3,gamo_cpg
Iqcg,gamo_cpg
ARMC9,gamo_cpg
dis3l2,gamo_cpg
Alpi,gamo_cpg
CHRND,gamo_cpg
EIF4E2,gamo_cpg
RNPEPL1,gamo_cpg
ABCC5,gamo_cpg
Eif2b5,gamo_cpg
dvl3,gamo_cpg
AP2M1,gamo_cpg
ABCF3,gamo_cpg
VWA5B2,gamo_cpg
ALG3,gamo_cpg
ECE1,gamo_cpg
Psmd2,gamo_cpg
EIF4G1,gamo_cpg
RFC4,gamo_cpg
MCF2L2,gamo_cpg
Mcf2l,gamo_cpg
ATP11B,gamo_cpg
Actl6a,gamo_cpg
NLGN1,gamo_cpg
FNDC3B,gamo_cpg
CLDN11,gamo_cpg
PHC3,gamo_cpg
GPR160,gamo_cpg
SAMD7,gamo_cpg
MECOM,gamo_cpg
GOLIM4,gamo_cpg
MGAM,gamo_cpg
CP,gamo_cpg
RNF13,gamo_cpg
TSC22D2,gamo_cpg
SELENOT,gamo_cpg
IGSF10,gamo_cpg
MBNL1,gamo_cpg
ARHGEF26,gamo_cpg
Dhx36,gamo_cpg
GPR149,gamo_cpg
MME,gamo_cpg
PLCH1,gamo_cpg
Slc33a1,gamo_cpg
GMPS,gamo_cpg
LEKR1,gamo_cpg
VEPH1,gamo_cpg
Ptx3,gamo_cpg
smc4,gamo_cpg
TRIM59,gamo_cpg
PPM1L,gamo_cpg
nmd3,gamo_cpg
GRAMD2B,gamo_cpg
RNF38,gamo_cpg
LNPEP,gamo_cpg
nol6,gamo_cpg
UBE2R2,gamo_cpg
SEMA6A,gamo_cpg
PTGR1,gamo_cpg
LINGO2,gamo_cpg
Coro2a,gamo_cpg
TSTD2,gamo_cpg
Dgkq,gamo_cpg
Ddx58,gamo_cpg
CFAP45,gamo_cpg
DCAF12,gamo_cpg
KIF24,gamo_cpg
BICP0,gamo_cpg
VCAN,gamo_cpg
ATP6AP1L,gamo_cpg
Rps23,gamo_cpg
ACOT12,gamo_cpg
CKMT2,gamo_cpg
MSH3,gamo_cpg
DHFR,gamo_cpg
FAM151B,gamo_cpg
CCDC125,gamo_cpg
emc4,gamo_cpg
FRMPD1,gamo_cpg
zcchc7,gamo_cpg
PAX5,gamo_cpg
IL11RA,gamo_cpg
CCL19,gamo_cpg
Vcp,gamo_cpg
Fancg,gamo_cpg
UNC13B,gamo_cpg
Atp8b2,gamo_cpg
CD72,gamo_cpg
AVD,gamo_cpg
Creb3l3,gamo_cpg
TLN1,gamo_cpg
TPM2,gamo_cpg
CA9,gamo_cpg
MYO3B,gamo_cpg
CCBE1,gamo_cpg
MTMR12,gamo_cpg
TARS,gamo_cpg
ADAMTS12,gamo_cpg
C1qtnf3,gamo_cpg
RAD1,gamo_cpg
PRLR,gamo_cpg
Spef2,gamo_cpg
LIFR,gamo_cpg
DAB2,gamo_cpg
GHR,gamo_cpg
ZNF131,gamo_cpg
Paip1,gamo_cpg
MRPS30,gamo_cpg
PARP8,gamo_cpg
ITGA2,gamo_cpg
SLC38A9,gamo_cpg
MAST4,gamo_cpg
Thbs4,gamo_cpg
SH3GL2,gamo_cpg
FREM1,gamo_cpg
TYRP1,gamo_cpg
JAK2,gamo_cpg
Rcl1,gamo_cpg
QRICH2,gamo_cpg
Pum3,gamo_cpg
VLDLR,gamo_cpg
SMARCA2,gamo_cpg
DMRT1,gamo_cpg
KANK1,gamo_cpg
DOCK8,gamo_cpg
Hexb,gamo_cpg
POLK,gamo_cpg
Ankdd1b,gamo_cpg
CRHBP,gamo_cpg
PDE8B,gamo_cpg
Otp,gamo_cpg
ADAMTSL1,gamo_cpg
RPS6,gamo_cpg
FOCAD,gamo_cpg
PIP5K1B,gamo_cpg
VPS13A,gamo_cpg
HINT1,gamo_cpg
SEMA4D,gamo_cpg
CDC14C,gamo_cpg
Fbp2,gamo_cpg
Gas1,gamo_cpg
NAA35,gamo_cpg
AGTPBP1,gamo_cpg
NRG1,gamo_cpg
FNTA,gamo_cpg
PDE6B,gamo_cpg
TRPM6,gamo_cpg
ARSK,gamo_cpg
KIAA0825,gamo_cpg
GPR98,gamo_cpg
MCC,gamo_cpg
WDR36,gamo_cpg
ZNF462,gamo_cpg
PHAX,gamo_cpg
LMNB1,gamo_cpg
Megf10,gamo_cpg
RHOBTB3,gamo_cpg
PLPPR1,gamo_cpg
RNF20,gamo_cpg
CCDC171,gamo_cpg
FAM189A2,gamo_cpg
TRPM3,gamo_cpg
SP1,gamo_cpg
AAAS,gamo_cpg
VDR,gamo_cpg
COL2A1,gamo_cpg
scn4aa,gamo_cpg
DIP2B,gamo_cpg
LIMA1,gamo_cpg
Gpd1,gamo_cpg
ASIC1,gamo_cpg
PAN2,gamo_cpg
ZBTB39,gamo_cpg
MYO1A,gamo_cpg
LRP1,gamo_cpg
KRT75,gamo_cpg
KRT8,gamo_cpg
KRT73,gamo_cpg
FAIM2,gamo_cpg
Aqp5,gamo_cpg
Slc11a2,gamo_cpg
TMBIM6,gamo_cpg
CCNT1,gamo_cpg
ADCY6,gamo_cpg
CCDC65,gamo_cpg
PRKAG1,gamo_cpg
Kmt2d,gamo_cpg
DHH,gamo_cpg
GLI1,gamo_cpg
Inhbc,gamo_cpg
STAC3,gamo_cpg
GALNT6,gamo_cpg